Attributes,Adj Close,Close,High,Low,Open,Volume,30ma
Symbols,INO,INO,INO,INO,INO,INO,
Date,,,,,,,
2017-01-03,7.070000171661377,7.070000171661377,7.119999885559082,6.840000152587891,6.96999979019165,815800,
2017-01-04,7.329999923706055,7.329999923706055,7.369999885559082,6.96999979019165,7.03000020980835,1187000,
2017-01-05,7.380000114440918,7.380000114440918,7.440000057220459,7.239999771118164,7.329999923706055,663700,
2017-01-06,7.28000020980835,7.28000020980835,7.449999809265137,7.269999980926514,7.349999904632568,542700,
2017-01-09,7.25,7.25,7.369999885559082,7.079999923706055,7.320000171661377,776400,
2017-01-10,7.179999828338623,7.179999828338623,7.260000228881836,7.039999961853027,7.239999771118164,565900,
2017-01-11,7.050000190734863,7.050000190734863,7.239999771118164,6.949999809265137,7.179999828338623,1053300,
2017-01-12,7.03000020980835,7.03000020980835,7.150000095367432,6.880000114440918,6.980000019073486,803300,
2017-01-13,6.980000019073486,6.980000019073486,7.099999904632568,6.940000057220459,7.03000020980835,528600,
2017-01-17,6.699999809265137,6.699999809265137,6.900000095367432,6.610000133514404,6.869999885559082,1310600,
2017-01-18,6.739999771118164,6.739999771118164,6.769999980926514,6.599999904632568,6.699999809265137,555700,
2017-01-19,6.579999923706055,6.579999923706055,6.760000228881836,6.559999942779541,6.730000019073486,500100,
2017-01-20,6.28000020980835,6.28000020980835,6.590000152587891,6.269999980926514,6.559999942779541,1137200,
2017-01-23,5.980000019073486,5.980000019073486,6.289999961853027,5.900000095367432,6.28000020980835,1648000,
2017-01-24,6.190000057220459,6.190000057220459,6.199999809265137,5.849999904632568,6.050000190734863,990500,
2017-01-25,6.349999904632568,6.349999904632568,6.409999847412109,6.21999979019165,6.25,595300,
2017-01-26,6.210000038146973,6.210000038146973,6.429999828338623,6.190000057220459,6.360000133514404,517400,
2017-01-27,6.380000114440918,6.380000114440918,6.389999866485596,6.170000076293945,6.21999979019165,342900,
2017-01-30,6.150000095367432,6.150000095367432,6.329999923706055,6.079999923706055,6.329999923706055,570000,
2017-01-31,6.599999904632568,6.599999904632568,6.630000114440918,6.019999980926514,6.099999904632568,1044300,
2017-02-01,6.519999980926514,6.519999980926514,6.690000057220459,6.449999809265137,6.650000095367432,825000,
2017-02-02,6.579999923706055,6.579999923706055,6.710000038146973,6.460000038146973,6.590000152587891,599100,
2017-02-03,6.710000038146973,6.710000038146973,6.730000019073486,6.559999942779541,6.650000095367432,571600,
2017-02-06,6.519999980926514,6.519999980926514,6.71999979019165,6.429999828338623,6.659999847412109,772700,
2017-02-07,6.380000114440918,6.380000114440918,6.550000190734863,6.360000133514404,6.5,498300,
2017-02-08,6.389999866485596,6.389999866485596,6.460000038146973,6.210000038146973,6.349999904632568,689800,
2017-02-09,6.5,6.5,6.519999980926514,6.260000228881836,6.389999866485596,532000,
2017-02-10,6.389999866485596,6.389999866485596,6.590000152587891,6.380000114440918,6.5,444300,
2017-02-13,6.809999942779541,6.809999942779541,6.889999866485596,6.460000038146973,6.710000038146973,1463500,
2017-02-14,6.860000133514404,6.860000133514404,6.940000057220459,6.690000057220459,6.789999961853027,690800,6.679000012079874
2017-02-15,7.010000228881836,7.010000228881836,7.019999980926514,6.78000020980835,6.849999904632568,595300,6.677000013987223
2017-02-16,7.0,7.0,7.159999847412109,6.869999885559082,7.050000190734863,850000,6.666000016530355
2017-02-17,6.960000038146973,6.960000038146973,7.0,6.78000020980835,6.96999979019165,561800,6.652000013987223
2017-02-21,6.800000190734863,6.800000190734863,6.989999771118164,6.789999961853027,6.960000038146973,638500,6.63600001335144
2017-02-22,6.599999904632568,6.599999904632568,6.800000190734863,6.599999904632568,6.769999980926514,484700,6.6143333435058596
2017-02-23,6.900000095367432,6.900000095367432,7.21999979019165,6.809999942779541,6.860000133514404,1263700,6.605000019073486
2017-02-24,6.679999828338623,6.679999828338623,6.909999847412109,6.550000190734863,6.889999866485596,896300,6.592666673660278
2017-02-27,7.170000076293945,7.170000076293945,7.179999828338623,6.71999979019165,6.820000171661377,1304500,6.597333335876465
2017-02-28,7.050000190734863,7.050000190734863,7.170000076293945,6.920000076293945,7.139999866485596,836500,6.599666674931844
2017-03-01,7.070000171661377,7.070000171661377,7.230000019073486,7.039999961853027,7.150000095367432,681400,6.612000020345052
2017-03-02,6.880000114440918,6.880000114440918,7.150000095367432,6.849999904632568,7.050000190734863,548500,6.616666698455811
2017-03-03,6.949999809265137,6.949999809265137,6.980000019073486,6.809999942779541,6.880000114440918,478000,6.629000027974446
2017-03-06,6.840000152587891,6.840000152587891,6.989999771118164,6.820000171661377,6.880000114440918,442400,6.647666692733765
2017-03-07,6.639999866485596,6.639999866485596,6.860000133514404,6.610000133514404,6.820000171661377,824400,6.669666687647502
2017-03-08,6.650000095367432,6.650000095367432,6.820000171661377,6.610000133514404,6.659999847412109,918500,6.6850000222524
2017-03-09,6.610000133514404,6.610000133514404,6.699999809265137,6.5,6.630000114440918,634600,6.693666696548462
2017-03-10,6.679999828338623,6.679999828338623,6.730000019073486,6.5,6.659999847412109,551500,6.709333356221517
2017-03-13,6.699999809265137,6.699999809265137,6.769999980926514,6.610000133514404,6.690000057220459,449100,6.720000012715658
2017-03-14,6.610000133514404,6.610000133514404,6.730000019073486,6.599999904632568,6.659999847412109,537900,6.735333347320557
2017-03-15,6.869999885559082,6.869999885559082,6.880000114440918,6.599999904632568,6.610000133514404,775800,6.7443333466847735
2017-03-16,6.210000038146973,6.210000038146973,6.590000152587891,6.050000190734863,6.550000190734863,2419800,6.734000015258789
2017-03-17,6.130000114440918,6.130000114440918,6.21999979019165,6.039999961853027,6.099999904632568,1196400,6.719000021616618
2017-03-20,6.099999904632568,6.099999904632568,6.139999866485596,6.0,6.099999904632568,806500,6.698666683832804
2017-03-21,5.860000133514404,5.860000133514404,6.199999809265137,5.849999904632568,6.099999904632568,1427900,6.676666688919068
2017-03-22,5.920000076293945,5.920000076293945,6.050000190734863,5.829999923706055,5.900000095367432,810500,6.661333354314168
2017-03-23,5.949999809265137,5.949999809265137,6.070000171661377,5.869999885559082,5.920000076293945,580300,6.646666685740153
2017-03-24,6.050000190734863,6.050000190734863,6.070000171661377,5.920000076293945,5.960000038146973,631500,6.631666692097982
2017-03-27,6.260000228881836,6.260000228881836,6.289999961853027,5.920000076293945,5.949999809265137,721100,6.627333370844523
2017-03-28,6.400000095367432,6.400000095367432,6.5,6.150000095367432,6.269999980926514,1354100,6.61366670926412
2017-03-29,6.570000171661377,6.570000171661377,6.610000133514404,6.349999904632568,6.440000057220459,902000,6.604000043869019
2017-03-30,6.539999961853027,6.539999961853027,6.610000133514404,6.449999809265137,6.570000171661377,724500,6.588333368301392
2017-03-31,6.619999885559082,6.619999885559082,6.659999847412109,6.420000076293945,6.550000190734863,790800,6.5756666978200276
2017-04-03,6.360000133514404,6.360000133514404,6.71999979019165,6.349999904632568,6.630000114440918,822000,6.555666700998942
2017-04-04,6.25,6.25,6.400000095367432,6.21999979019165,6.360000133514404,574300,6.5373333613077795
2017-04-05,6.039999961853027,6.039999961853027,6.28000020980835,6.019999980926514,6.210000038146973,714200,6.518666696548462
2017-04-06,6.070000171661377,6.070000171661377,6.150000095367432,5.980000019073486,6.03000020980835,591000,6.491000032424926
2017-04-07,6.260000228881836,6.260000228881836,6.260000228881836,5.980000019073486,6.03000020980835,650900,6.477000045776367
2017-04-10,6.170000076293945,6.170000076293945,6.320000171661377,6.130000114440918,6.25,469400,6.443666712443034
2017-04-11,6.150000095367432,6.150000095367432,6.25,6.079999923706055,6.170000076293945,578900,6.4136667092641195
2017-04-12,6.070000171661377,6.070000171661377,6.179999828338623,6.010000228881836,6.130000114440918,576400,6.380333375930786
2017-04-13,6.090000152587891,6.090000152587891,6.150000095367432,5.96999979019165,6.059999942779541,496700,6.354000043869019
2017-04-17,6.139999866485596,6.139999866485596,6.179999828338623,6.079999923706055,6.099999904632568,385500,6.3270000457763675
2017-04-18,6.119999885559082,6.119999885559082,6.139999866485596,6.0,6.099999904632568,485700,6.303000036875407
2017-04-19,6.099999904632568,6.099999904632568,6.230000019073486,6.059999942779541,6.150000095367432,413700,6.285000038146973
2017-04-20,6.130000114440918,6.130000114440918,6.210000038146973,6.079999923706055,6.110000133514404,431800,6.267666705449423
2017-04-21,6.269999980926514,6.269999980926514,6.320000171661377,6.079999923706055,6.139999866485596,613000,6.256333367029826
2017-04-24,6.53000020980835,6.53000020980835,6.539999961853027,6.289999961853027,6.329999923706055,1156000,6.251333379745484
2017-04-25,6.789999961853027,6.789999961853027,6.880000114440918,6.53000020980835,6.579999923706055,1351200,6.254333384831747
2017-04-26,6.670000076293945,6.670000076293945,6.849999904632568,6.650000095367432,6.800000190734863,868700,6.256333382924398
2017-04-27,6.429999828338623,6.429999828338623,6.71999979019165,6.409999847412109,6.679999828338623,672000,6.241666714350383
2017-04-28,6.289999961853027,6.289999961853027,6.449999809265137,6.21999979019165,6.429999828338623,603000,6.244333378473917
2017-05-01,6.369999885559082,6.369999885559082,6.369999885559082,6.269999980926514,6.349999904632568,392500,6.252333370844523
2017-05-02,6.289999961853027,6.289999961853027,6.449999809265137,6.21999979019165,6.360000133514404,457400,6.258666706085205
2017-05-03,6.309999942779541,6.309999942779541,6.369999885559082,6.25,6.25,381600,6.273666699727376
2017-05-04,6.559999942779541,6.559999942779541,6.579999923706055,6.289999961853027,6.309999942779541,555900,6.29500002861023
2017-05-05,6.46999979019165,6.46999979019165,6.590000152587891,6.369999885559082,6.559999942779541,447100,6.31233336130778
2017-05-08,6.289999961853027,6.289999961853027,6.630000114440918,6.28000020980835,6.610000133514404,542100,6.320333353678385
2017-05-09,6.380000114440918,6.380000114440918,6.380000114440918,6.199999809265137,6.300000190734863,562400,6.3243333498636884
2017-05-10,6.389999866485596,6.389999866485596,6.46999979019165,6.289999961853027,6.300000190734863,491600,6.324000008900961
2017-05-11,6.75,6.75,6.789999961853027,6.389999866485596,6.5,1041500,6.330000003178914
2017-05-12,7.139999866485596,7.139999866485596,7.449999809265137,6.730000019073486,6.75,2854400,6.35
2017-05-15,7.349999904632568,7.349999904632568,7.420000076293945,7.079999923706055,7.130000114440918,1071600,6.374333333969116
2017-05-16,7.340000152587891,7.340000152587891,7.409999847412109,7.21999979019165,7.369999885559082,710800,6.407000001271566
2017-05-17,7.21999979019165,7.21999979019165,7.360000133514404,7.130000114440918,7.199999809265137,914000,6.439333327611288
2017-05-18,7.369999885559082,7.369999885559082,7.400000095367432,7.159999847412109,7.210000038146973,673600,6.483666658401489
2017-05-19,7.170000076293945,7.170000076293945,7.519999980926514,7.159999847412109,7.389999866485596,720100,6.520333321889241
2017-05-22,7.090000152587891,7.090000152587891,7.320000171661377,7.019999980926514,7.199999809265137,703500,6.547999986012777
2017-05-23,7.130000114440918,7.130000114440918,7.159999847412109,7.03000020980835,7.119999885559082,412400,6.579999987284342
2017-05-24,8.680000305175781,8.680000305175781,9.859999656677246,8.569999694824219,9.649999618530273,28614200,6.6643333276112875
2017-05-25,7.989999771118164,7.989999771118164,8.729999542236328,7.760000228881836,8.649999618530273,5695400,6.728333314259847
2017-05-26,7.880000114440918,7.880000114440918,8.210000038146973,7.840000152587891,7.949999809265137,1631700,6.7879999796549475
2017-05-30,7.570000171661377,7.570000171661377,7.880000114440918,7.539999961853027,7.860000133514404,1526400,6.835666656494141
2017-05-31,7.550000190734863,7.550000190734863,7.820000171661377,7.53000020980835,7.590000152587891,1738800,6.883333333333334
2017-06-01,7.639999866485596,7.639999866485596,7.71999979019165,7.329999923706055,7.5,1534500,6.934666665395101
2017-06-02,7.739999771118164,7.739999771118164,7.78000020980835,7.460000038146973,7.679999828338623,1307900,6.988333320617675
2017-06-05,7.46999979019165,7.46999979019165,7.760000228881836,7.449999809265137,7.760000228881836,992900,7.028333314259847
2017-06-06,7.480000019073486,7.480000019073486,7.539999961853027,7.400000095367432,7.460000038146973,565000,7.059999974568685
2017-06-07,7.389999866485596,7.389999866485596,7.699999809265137,7.260000228881836,7.650000095367432,1456200,7.07999997138977
2017-06-08,8.1899995803833,8.1899995803833,8.329999923706055,7.46999979019165,7.5,5070600,7.130666621526083
2017-06-09,8.100000381469727,8.100000381469727,8.640000343322754,7.949999809265137,8.600000381469727,4695500,7.186333306630453
2017-06-12,8.180000305175781,8.180000305175781,8.1899995803833,7.880000114440918,8.170000076293945,1335200,7.2493333180745445
2017-06-13,8.199999809265137,8.199999809265137,8.300000190734863,8.109999656677246,8.199999809265137,878200,7.3103333155314125
2017-06-14,8.0,8.0,8.270000457763672,7.949999809265137,8.199999809265137,1055000,7.367333316802979
2017-06-15,7.760000228881836,7.760000228881836,8.020000457763672,7.699999809265137,8.020000457763672,908300,7.415666659673055
2017-06-16,7.840000152587891,7.840000152587891,7.920000076293945,7.71999979019165,7.71999979019165,2074100,7.458333333333333
2017-06-19,7.989999771118164,7.989999771118164,8.050000190734863,7.800000190734863,7.840000152587891,820700,7.508999999364217
2017-06-20,7.96999979019165,7.96999979019165,8.149999618530273,7.909999847412109,7.909999847412109,758800,7.5649999936421715
2017-06-21,8.0600004196167,8.0600004196167,8.170000076293945,7.940000057220459,7.989999771118164,807500,7.621000003814697
2017-06-22,8.079999923706055,8.079999923706055,8.390000343322754,8.010000228881836,8.119999885559082,1210900,7.677333339055379
2017-06-23,8.199999809265137,8.199999809265137,8.239999771118164,7.989999771118164,8.079999923706055,1338600,7.725666666030884
2017-06-26,8.380000114440918,8.380000114440918,8.430000305175781,8.15999984741211,8.25,1321900,7.767000007629394
2017-06-27,8.119999885559082,8.119999885559082,8.4399995803833,8.109999656677246,8.4399995803833,1333100,7.792666673660278
2017-06-28,8.229999542236328,8.229999542236328,8.40999984741211,8.029999732971191,8.199999809265137,735000,7.822333319981893
2017-06-29,7.920000076293945,7.920000076293945,8.220000267028809,7.829999923706055,8.170000076293945,1062300,7.845666662851969
2017-06-30,7.840000152587891,7.840000152587891,8.029999732971191,7.829999923706055,7.949999809265137,539300,7.8613333384195965
2017-07-03,8.029999732971191,8.029999732971191,8.069999694824219,7.860000133514404,7.860000133514404,309900,7.889999993642172
2017-07-05,8.0600004196167,8.0600004196167,8.149999618530273,8.0,8.0,473100,7.9223333358764645
2017-07-06,7.769999980926514,7.769999980926514,8.210000038146973,7.739999771118164,8.119999885559082,1035300,7.943666664759318
2017-07-07,7.880000114440918,7.880000114440918,7.940000057220459,7.760000228881836,7.829999923706055,461400,7.916999991734823
2017-07-10,7.71999979019165,7.71999979019165,7.869999885559082,7.690000057220459,7.840000152587891,514600,7.9079999923706055
2017-07-11,7.800000190734863,7.800000190734863,7.869999885559082,7.71999979019165,7.730000019073486,486800,7.90533332824707
2017-07-12,7.860000133514404,7.860000133514404,7.920000076293945,7.769999980926514,7.860000133514404,426100,7.914999993642171
2017-07-13,7.960000038146973,7.960000038146973,8.050000190734863,7.690000057220459,7.849999904632568,533600,7.928666655222575
2017-07-14,7.960000038146973,7.960000038146973,8.100000381469727,7.909999847412109,7.989999771118164,589900,7.939333327611288
2017-07-17,7.769999980926514,7.769999980926514,8.020000457763672,7.760000228881836,7.949999809265137,593600,7.940333334604899
2017-07-18,7.829999923706055,7.829999923706055,7.869999885559082,7.690000057220459,7.760000228881836,712700,7.95233333905538
2017-07-19,6.78000020980835,6.78000020980835,7.539999961853027,6.769999980926514,7.409999847412109,5541100,7.929000012079874
2017-07-20,6.010000228881836,6.010000228881836,6.28000020980835,6.0,6.269999980926514,15829200,7.88300002415975
2017-07-21,6.010000228881836,6.010000228881836,6.130000114440918,5.980000019073486,6.039999961853027,4494900,7.810333379109701
2017-07-24,5.960000038146973,5.960000038146973,6.03000020980835,5.849999904632568,6.019999980926514,2639300,7.739000034332276
2017-07-25,5.96999979019165,5.96999979019165,6.03000020980835,5.900000095367432,6.0,1567600,7.665333350499471
2017-07-26,5.940000057220459,5.940000057220459,6.039999961853027,5.900000095367432,5.960000038146973,1749800,7.590000025431315
2017-07-27,5.510000228881836,5.510000228881836,6.010000228881836,5.5,6.0,3243400,7.507000033060709
2017-07-28,5.519999980926514,5.519999980926514,5.739999771118164,5.5,5.53000020980835,2198000,7.432333358128866
2017-07-31,5.559999942779541,5.559999942779541,5.690000057220459,5.510000228881836,5.539999961853027,1096800,7.3563333511352536
2017-08-01,5.559999942779541,5.559999942779541,5.619999885559082,5.340000152587891,5.559999942779541,2865700,7.2753333568573
2017-08-02,5.389999866485596,5.389999866485596,5.670000076293945,5.360000133514404,5.570000171661377,1075300,7.189333359400432
2017-08-03,5.480000019073486,5.480000019073486,5.579999923706055,5.320000171661377,5.369999885559082,1343300,7.1033333460489905
2017-08-04,5.630000114440918,5.630000114440918,5.650000095367432,5.460000038146973,5.53000020980835,853400,7.021666685740153
2017-08-07,5.639999866485596,5.639999866485596,5.71999979019165,5.630000114440918,5.639999866485596,944900,6.9363333543141685
2017-08-08,5.429999828338623,5.429999828338623,5.699999809265137,5.420000076293945,5.639999866485596,1361900,6.838000011444092
2017-08-09,5.630000114440918,5.630000114440918,5.800000190734863,5.420000076293945,5.639999866485596,1429100,6.755000019073487
2017-08-10,5.489999771118164,5.489999771118164,5.650000095367432,5.380000114440918,5.610000133514404,1365200,6.663666693369548
2017-08-11,5.559999942779541,5.559999942779541,5.650000095367432,5.440000057220459,5.489999771118164,1077100,6.585000022252401
2017-08-14,5.639999866485596,5.639999866485596,5.71999979019165,5.570000171661377,5.570000171661377,799600,6.511666679382325
2017-08-15,5.639999866485596,5.639999866485596,5.710000038146973,5.610000133514404,5.639999866485596,577800,6.432000017166137
2017-08-16,5.519999980926514,5.519999980926514,5.75,5.510000228881836,5.639999866485596,1029900,6.347333335876465
2017-08-17,5.360000133514404,5.360000133514404,5.619999885559082,5.360000133514404,5.510000228881836,851400,6.267000007629394
2017-08-18,5.449999809265137,5.449999809265137,5.559999942779541,5.28000020980835,5.300000190734863,838500,6.185999997456869
2017-08-21,5.460000038146973,5.460000038146973,5.5,5.360000133514404,5.449999809265137,619700,6.110666672388713
2017-08-22,5.559999942779541,5.559999942779541,5.590000152587891,5.460000038146973,5.46999979019165,809000,6.0359999974568685
2017-08-23,5.550000190734863,5.550000190734863,5.639999866485596,5.5,5.559999942779541,737400,5.9589999993642175
2017-08-24,5.789999961853027,5.789999961853027,5.809999942779541,5.559999942779541,5.639999866485596,2061900,5.886666663487753
2017-08-25,5.610000133514404,5.610000133514404,5.789999961853027,5.599999904632568,5.789999961853027,892700,5.808333333333334
2017-08-28,5.730000019073486,5.730000019073486,5.75,5.670000076293945,5.670000076293945,578200,5.740333334604899
2017-08-29,5.949999809265137,5.949999809265137,5.989999771118164,5.639999866485596,5.690000057220459,1375600,5.677666664123535
2017-08-30,5.860000133514404,5.860000133514404,6.050000190734863,5.849999904632568,5.949999809265137,1204300,5.646999994913737
2017-08-31,5.940000057220459,5.940000057220459,5.989999771118164,5.829999923706055,5.900000095367432,843900,5.644666655858358
2017-09-01,5.940000057220459,5.940000057220459,6.03000020980835,5.829999923706055,5.960000038146973,954800,5.642333316802978
2017-09-05,5.809999942779541,5.809999942779541,6.0,5.71999979019165,5.940000057220459,919900,5.637333313624064
2017-09-06,5.989999771118164,5.989999771118164,6.179999828338623,5.889999866485596,6.039999961853027,1777100,5.637999979654948
2017-09-07,6.079999923706055,6.079999923706055,6.150000095367432,5.860000133514404,5.960000038146973,1196600,5.642666641871134
2017-09-08,6.050000190734863,6.050000190734863,6.139999866485596,6.010000228881836,6.090000152587891,929600,5.660666640599569
2017-09-11,6.03000020980835,6.03000020980835,6.650000095367432,6.010000228881836,6.230000019073486,2227300,5.677666648228963
2017-09-12,6.0,6.0,6.130000114440918,5.909999847412109,6.03000020980835,1910700,5.692333316802978
2017-09-13,5.920000076293945,5.920000076293945,6.059999942779541,5.889999866485596,5.989999771118164,930000,5.704333321253459
2017-09-14,5.920000076293945,5.920000076293945,5.96999979019165,5.860000133514404,5.920000076293945,943700,5.721999994913737
2017-09-15,5.96999979019165,5.96999979019165,5.989999771118164,5.880000114440918,5.920000076293945,4351600,5.738333320617675
2017-09-18,6.0,6.0,6.090000152587891,5.920000076293945,5.96999979019165,1163500,5.750666650136312
2017-09-19,6.070000171661377,6.070000171661377,6.070000171661377,5.96999979019165,6.03000020980835,737500,5.764999993642172
2017-09-20,6.050000190734863,6.050000190734863,6.090000152587891,5.920000076293945,6.050000190734863,670900,5.785666672388713
2017-09-21,6.289999961853027,6.289999961853027,6.449999809265137,6.079999923706055,6.119999885559082,2130900,5.80766666730245
2017-09-22,6.150000095367432,6.150000095367432,6.289999961853027,6.070000171661377,6.289999961853027,975800,5.829666678110758
2017-09-25,6.289999961853027,6.289999961853027,6.340000152587891,6.170000076293945,6.239999771118164,1026500,5.854000012079875
2017-09-26,6.309999942779541,6.309999942779541,6.320000171661377,6.110000133514404,6.269999980926514,763200,5.876333347956339
2017-09-27,6.369999885559082,6.369999885559082,6.400000095367432,6.170000076293945,6.309999942779541,1132800,5.900666681925456
2017-09-28,6.309999942779541,6.309999942779541,6.440000057220459,6.300000190734863,6.389999866485596,1011800,5.927000013987223
2017-09-29,6.340000152587891,6.340000152587891,6.389999866485596,6.269999980926514,6.340000152587891,801500,5.959666681289673
2017-10-02,6.579999923706055,6.579999923706055,6.579999923706055,6.329999923706055,6.349999904632568,1219200,5.9973333517710365
2017-10-03,6.510000228881836,6.510000228881836,6.599999904632568,6.389999866485596,6.579999923706055,978300,6.032333358128866
2017-10-04,6.480000019073486,6.480000019073486,6.510000228881836,6.380000114440918,6.510000228881836,760800,6.0630000273386635
2017-10-05,6.679999828338623,6.679999828338623,7.0,6.460000038146973,6.929999828338623,3607900,6.100666681925456
2017-10-06,6.650000095367432,6.650000095367432,6.75,6.519999980926514,6.71999979019165,966900,6.129333353042602
2017-10-09,6.510000228881836,6.510000228881836,6.610000133514404,6.480000019073486,6.579999923706055,852700,6.159333356221517
2017-10-10,6.440000057220459,6.440000057220459,6.519999980926514,6.380000114440918,6.510000228881836,729300,6.18300002415975
2017-10-11,6.289999961853027,6.289999961853027,6.449999809265137,6.25,6.429999828338623,1212700,6.1943333625793455
2017-10-12,6.329999923706055,6.329999923706055,6.5,6.28000020980835,6.309999942779541,1813400,6.210000022252401
2017-10-13,6.239999771118164,6.239999771118164,6.389999866485596,6.170000076293945,6.369999885559082,818200,6.220000012715658
2017-10-16,6.210000038146973,6.210000038146973,6.360000133514404,6.159999847412109,6.309999942779541,895200,6.229000012079875
2017-10-17,6.239999771118164,6.239999771118164,6.269999980926514,6.150000095367432,6.179999828338623,518200,6.243333339691162
2017-10-18,6.320000171661377,6.320000171661377,6.429999828338623,6.25,6.360000133514404,1524000,6.254333353042602
2017-10-19,6.25,6.25,6.360000133514404,6.21999979019165,6.340000152587891,938700,6.260000022252401
2017-10-20,6.230000019073486,6.230000019073486,6.349999904632568,6.179999828338623,6.260000228881836,868600,6.266000016530355
2017-10-23,5.920000076293945,5.920000076293945,6.239999771118164,5.920000076293945,6.190000057220459,1628400,6.262333345413208
2017-10-24,5.789999961853027,5.789999961853027,6.039999961853027,5.78000020980835,5.980000019073486,1675200,6.2553333441416425
2017-10-25,5.679999828338623,5.679999828338623,5.880000114440918,5.630000114440918,5.789999961853027,1148100,6.247333335876465
2017-10-26,5.619999885559082,5.619999885559082,5.690000057220459,5.550000190734863,5.659999847412109,723900,6.237333329518636
2017-10-27,5.829999923706055,5.829999923706055,5.860000133514404,5.630000114440918,5.650000095367432,1006300,6.23266666730245
2017-10-30,5.820000171661377,5.820000171661377,5.869999885559082,5.71999979019165,5.78000020980835,642500,6.2266666730244955
2017-10-31,5.829999923706055,5.829999923706055,5.920000076293945,5.78000020980835,5.849999904632568,698400,6.218666664759318
2017-11-01,5.699999809265137,5.699999809265137,5.880000114440918,5.670000076293945,5.849999904632568,737100,6.206999985376994
2017-11-02,5.75,5.75,5.769999980926514,5.639999866485596,5.710000038146973,591500,6.188999986648559
2017-11-03,5.769999980926514,5.769999980926514,5.809999942779541,5.679999828338623,5.739999771118164,1072200,6.176333316167196
2017-11-06,5.659999847412109,5.659999847412109,5.800000190734863,5.659999847412109,5.760000228881836,638000,6.155333312352498
2017-11-07,5.309999942779541,5.309999942779541,5.659999847412109,5.300000190734863,5.639999866485596,1406200,6.121999979019165
2017-11-08,5.329999923706055,5.329999923706055,5.409999847412109,5.21999979019165,5.369999885559082,1002900,6.087333313624064
2017-11-09,4.429999828338623,4.429999828338623,5.099999904632568,4.400000095367432,5.0,3801100,6.0246666431427
2017-11-10,4.739999771118164,4.739999771118164,4.769999980926514,4.449999809265137,4.53000020980835,1969800,5.971333297093709
2017-11-13,4.550000190734863,4.550000190734863,4.869999885559082,4.539999961853027,4.769999980926514,1198900,5.903666639328003
2017-11-14,4.309999942779541,4.309999942779541,4.559999942779541,4.199999809265137,4.550000190734863,1678800,5.830333296457926
2017-11-15,4.480000019073486,4.480000019073486,4.550000190734863,4.269999980926514,4.28000020980835,1133500,5.76366662979126
2017-11-16,4.639999866485596,4.639999866485596,4.699999809265137,4.510000228881836,4.539999961853027,1045100,5.695666631062825
2017-11-17,4.71999979019165,4.71999979019165,4.789999961853027,4.619999885559082,4.619999885559082,923400,5.631333287556966
2017-11-20,4.559999942779541,4.559999942779541,4.760000228881836,4.5,4.739999771118164,1062400,5.566333278020223
2017-11-21,4.639999866485596,4.639999866485596,4.739999771118164,4.579999923706055,4.619999885559082,1074200,5.5063332716623945
2017-11-22,4.590000152587891,4.590000152587891,4.710000038146973,4.570000171661377,4.650000095367432,788500,5.449666611353556
2017-11-24,4.590000152587891,4.590000152587891,4.630000114440918,4.550000190734863,4.579999923706055,272100,5.391666618982951
2017-11-27,4.519999980926514,4.519999980926514,4.96999979019165,4.5,4.610000133514404,2000600,5.334333292643229
2017-11-28,4.630000114440918,4.630000114440918,4.659999847412109,4.420000076293945,4.519999980926514,1348000,5.281666628519694
2017-11-29,4.489999771118164,4.489999771118164,4.800000190734863,4.460000038146973,4.699999809265137,1129200,5.223333295186361
2017-11-30,4.590000152587891,4.590000152587891,4.610000133514404,4.440000057220459,4.489999771118164,970400,5.165666627883911
2017-12-01,4.579999923706055,4.579999923706055,4.679999828338623,4.380000114440918,4.599999904632568,1055100,5.109999958674113
2017-12-04,4.489999771118164,4.489999771118164,4.690000057220459,4.480000019073486,4.610000133514404,1045500,5.051999950408936
2017-12-05,4.380000114440918,4.380000114440918,4.5,4.329999923706055,4.480000019073486,898100,5.000666618347168
2017-12-06,4.380000114440918,4.380000114440918,4.429999828338623,4.340000152587891,4.400000095367432,717100,4.953666623433431
2017-12-07,4.380000114440918,4.380000114440918,4.46999979019165,4.28000020980835,4.380000114440918,1184300,4.910333299636841
2017-12-08,4.5,4.5,4.550000190734863,4.380000114440918,4.420000076293945,1093300,4.8729999701182045
2017-12-11,4.5,4.5,4.619999885559082,4.489999771118164,4.5,855800,4.828666639328003
2017-12-12,4.25,4.25,4.539999961853027,4.21999979019165,4.5,2036900,4.776333300272624
2017-12-13,4.460000038146973,4.460000038146973,4.489999771118164,4.25,4.25,1443400,4.730666637420654
2017-12-14,4.28000020980835,4.28000020980835,4.480000019073486,4.260000228881836,4.429999828338623,1325800,4.683333317438762
2017-12-15,4.400000095367432,4.400000095367432,4.409999847412109,4.210000038146973,4.289999961853027,1446900,4.638333320617676
2017-12-18,4.300000190734863,4.300000190734863,4.429999828338623,4.260000228881836,4.400000095367432,947900,4.589333327611287
2017-12-19,4.329999923706055,4.329999923706055,4.460000038146973,4.21999979019165,4.25,1736100,4.544999996821086
2017-12-20,4.269999980926514,4.269999980926514,4.380000114440918,4.260000228881836,4.300000190734863,1044700,4.510333331425985
2017-12-21,4.329999923706055,4.329999923706055,4.360000133514404,4.239999771118164,4.239999771118164,984000,4.476999998092651
2017-12-22,4.320000171661377,4.320000171661377,4.360000133514404,4.239999771118164,4.300000190734863,1260100,4.473333342870077
2017-12-26,4.28000020980835,4.28000020980835,4.360000133514404,4.260000228881836,4.269999980926514,697800,4.458000024159749
2017-12-27,4.260000228881836,4.260000228881836,4.340000152587891,4.260000228881836,4.309999942779541,828500,4.448333358764648
2017-12-28,4.139999866485596,4.139999866485596,4.28000020980835,4.090000152587891,4.269999980926514,1872600,4.442666689554851
2017-12-29,4.130000114440918,4.130000114440918,4.369999885559082,4.099999904632568,4.110000133514404,2106200,4.431000026067098
2018-01-02,4.679999828338623,4.679999828338623,4.849999904632568,4.179999828338623,4.179999828338623,3098600,4.432333358128866
2018-01-03,4.570000171661377,4.570000171661377,4.739999771118164,4.420000076293945,4.690000057220459,2130700,4.427333370844523
2018-01-04,4.579999923706055,4.579999923706055,4.650000095367432,4.46999979019165,4.639999866485596,1109900,4.428000036875407
2018-01-05,4.480000019073486,4.480000019073486,4.559999942779541,4.389999866485596,4.510000228881836,1294300,4.422666708628337
2018-01-08,4.320000171661377,4.320000171661377,4.539999961853027,4.289999961853027,4.480000019073486,1573200,4.4136667092641195
2018-01-09,4.360000133514404,4.360000133514404,4.429999828338623,4.28000020980835,4.340000152587891,1135700,4.40600004196167
2018-01-10,4.349999904632568,4.349999904632568,4.369999885559082,4.230000019073486,4.340000152587891,830800,4.400333372751872
2018-01-11,4.46999979019165,4.46999979019165,4.480000019073486,4.28000020980835,4.320000171661377,1129400,4.395000028610229
2018-01-12,4.480000019073486,4.480000019073486,4.559999942779541,4.449999809265137,4.5,740900,4.3946667035420734
2018-01-16,4.380000114440918,4.380000114440918,4.539999961853027,4.309999942779541,4.5,1010000,4.387666702270508
2018-01-17,4.400000095367432,4.400000095367432,4.440000057220459,4.28000020980835,4.380000114440918,985800,4.3816667079925535
2018-01-18,4.329999923706055,4.329999923706055,4.420000076293945,4.289999961853027,4.420000076293945,652300,4.376333379745484
2018-01-19,4.389999866485596,4.389999866485596,4.429999828338623,4.269999980926514,4.349999904632568,738400,4.37666670481364
2018-01-22,4.639999866485596,4.639999866485596,4.690000057220459,4.389999866485596,4.420000076293945,2835200,4.385333363215128
2018-01-23,5.690000057220459,5.690000057220459,5.880000114440918,4.739999771118164,4.739999771118164,7120600,4.429000027974447
2018-01-24,5.090000152587891,5.090000152587891,5.53000020980835,4.909999847412109,5.53000020980835,3815900,4.448666699727377
2018-01-25,5.139999866485596,5.139999866485596,5.440000057220459,5.019999980926514,5.150000095367432,2036300,4.4700000286102295
2018-01-26,5.050000190734863,5.050000190734863,5.260000228881836,4.989999771118164,5.139999866485596,1561000,4.496666701634725
2018-01-29,4.849999904632568,4.849999904632568,5.119999885559082,4.809999942779541,5.070000171661377,2239100,4.509666697184245
2018-01-30,4.71999979019165,4.71999979019165,4.809999942779541,4.550000190734863,4.78000020980835,1342600,4.524333349863688
2018-01-31,4.559999942779541,4.559999942779541,4.820000171661377,4.53000020980835,4.739999771118164,1213300,4.529666678110758
2018-02-01,4.420000076293945,4.420000076293945,4.599999904632568,4.369999885559082,4.579999923706055,1426800,4.533666674296061
2018-02-02,4.25,4.25,4.420000076293945,4.239999771118164,4.400000095367432,1540100,4.531000010172526
2018-02-05,4.099999904632568,4.099999904632568,4.320000171661377,4.099999904632568,4.239999771118164,1490300,4.525333340962728
2018-02-06,4.21999979019165,4.21999979019165,4.239999771118164,3.930000066757202,4.039999961853027,1609700,4.521666669845581
2018-02-07,4.260000228881836,4.260000228881836,4.300000190734863,4.170000076293945,4.21999979019165,891300,4.51966667175293
2018-02-08,4.059999942779541,4.059999942779541,4.340000152587891,4.059999942779541,4.239999771118164,1072700,4.512333329518636
2018-02-09,4.070000171661377,4.070000171661377,4.110000133514404,3.759999990463257,4.110000133514404,1882400,4.505999994277954
2018-02-12,4.050000190734863,4.050000190734863,4.210000038146973,4.0,4.130000114440918,1328400,4.503000005086263
2018-02-13,4.119999885559082,4.119999885559082,4.150000095367432,3.9700000286102295,4.050000190734863,891700,4.502666664123535
2018-02-14,4.179999828338623,4.179999828338623,4.210000038146973,4.059999942779541,4.110000133514404,1118200,4.485999997456869
2018-02-15,4.110000133514404,4.110000133514404,4.230000019073486,4.070000171661377,4.190000057220459,997800,4.470666662851969
2018-02-16,4.199999809265137,4.199999809265137,4.340000152587891,4.119999885559082,4.130000114440918,1405100,4.457999992370605
2018-02-20,4.21999979019165,4.21999979019165,4.289999961853027,4.150000095367432,4.159999847412109,626200,4.449333318074545
2018-02-21,4.21999979019165,4.21999979019165,4.300000190734863,4.170000076293945,4.21999979019165,680400,4.445999972025553
2018-02-22,4.179999828338623,4.179999828338623,4.28000020980835,4.139999866485596,4.260000228881836,860700,4.439999961853028
2018-02-23,4.239999771118164,4.239999771118164,4.28000020980835,4.110000133514404,4.179999828338623,806000,4.43633329073588
2018-02-26,4.28000020980835,4.28000020980835,4.309999942779541,4.210000038146973,4.260000228881836,426200,4.429999971389771
2018-02-27,4.130000114440918,4.130000114440918,4.320000171661377,4.119999885559082,4.289999961853027,603500,4.418333307902018
2018-02-28,4.099999904632568,4.099999904632568,4.230000019073486,4.090000152587891,4.130000114440918,784300,4.408999967575073
2018-03-01,4.079999923706055,4.079999923706055,4.239999771118164,3.9800000190734863,4.110000133514404,825400,4.398333295186361
2018-03-02,4.210000038146973,4.210000038146973,4.21999979019165,4.03000020980835,4.03000020980835,1194800,4.394333299001058
2018-03-05,4.289999961853027,4.289999961853027,4.309999942779541,4.179999828338623,4.179999828338623,580400,4.390999968846639
2018-03-06,4.389999866485596,4.389999866485596,4.400000095367432,4.199999809265137,4.309999942779541,764100,4.3826666355133055
2018-03-07,4.440000057220459,4.440000057220459,4.449999809265137,4.28000020980835,4.340000152587891,609000,4.340999968846639
2018-03-08,4.460000038146973,4.460000038146973,4.489999771118164,4.349999904632568,4.449999809265137,869700,4.319999965031942
2018-03-09,4.510000228881836,4.510000228881836,4.539999961853027,4.400000095367432,4.5,801100,4.298999977111817
2018-03-12,4.679999828338623,4.679999828338623,4.71999979019165,4.429999828338623,4.539999961853027,1081300,4.286666631698608
2018-03-13,4.539999961853027,4.539999961853027,4.829999923706055,4.510000228881836,4.710000038146973,879800,4.276333300272624
2018-03-14,4.46999979019165,4.46999979019165,4.690000057220459,4.340000152587891,4.650000095367432,976500,4.26799996693929
2018-03-15,4.840000152587891,4.840000152587891,4.900000095367432,4.289999961853027,4.650000095367432,1827300,4.277333307266235
2018-03-16,5.150000095367432,5.150000095367432,5.300000190734863,4.829999923706055,4.849999904632568,2869200,4.301666641235352
2018-03-19,5.110000133514404,5.110000133514404,5.239999771118164,5.010000228881836,5.119999885559082,1095700,4.330333312352498
2018-03-20,5.0,5.0,5.53000020980835,4.929999828338623,5.349999904632568,2201900,4.360333315531412
2018-03-21,5.099999904632568,5.099999904632568,5.150000095367432,4.860000133514404,4.980000019073486,817600,4.389666652679443
2018-03-22,5.25,5.25,5.380000114440918,5.039999961853027,5.079999923706055,1473700,4.4226666450500485
2018-03-23,4.769999980926514,4.769999980926514,5.25,4.760000228881836,5.239999771118164,1940700,4.446333312988282
2018-03-26,4.730000019073486,4.730000019073486,4.889999866485596,4.630000114440918,4.849999904632568,1182600,4.468333307902018
2018-03-27,4.730000019073486,4.730000019073486,4.900000095367432,4.690000057220459,4.739999771118164,930400,4.490999968846639
2018-03-28,4.710000038146973,4.710000038146973,4.789999961853027,4.639999866485596,4.71999979019165,756500,4.510666640599569
2018-03-29,4.710000038146973,4.710000038146973,4.820000171661377,4.659999847412109,4.730000019073486,934000,4.528333314259847
2018-04-02,4.420000076293945,4.420000076293945,4.739999771118164,4.380000114440918,4.699999809265137,1252900,4.538666645685832
2018-04-03,4.619999885559082,4.619999885559082,4.619999885559082,4.389999866485596,4.46999979019165,1127300,4.552666648228963
2018-04-04,4.78000020980835,4.78000020980835,4.789999961853027,4.5,4.53000020980835,850300,4.5713333288828535
2018-04-05,4.800000190734863,4.800000190734863,4.849999904632568,4.699999809265137,4.78000020980835,741400,4.590666675567627
2018-04-06,4.619999885559082,4.619999885559082,4.809999942779541,4.590000152587891,4.78000020980835,709400,4.605333344141642
2018-04-09,4.670000076293945,4.670000076293945,4.75,4.610000133514404,4.679999828338623,588100,4.619666687647501
2018-04-10,4.760000228881836,4.760000228881836,4.800000190734863,4.659999847412109,4.730000019073486,718000,4.635666688283284
2018-04-11,4.900000095367432,4.900000095367432,5.079999923706055,4.840000152587891,4.900000095367432,1841000,4.661333354314168
2018-04-12,5.159999847412109,5.159999847412109,5.269999980926514,4.929999828338623,4.929999828338623,1964100,4.696666685740153
2018-04-13,5.059999942779541,5.059999942779541,5.199999809265137,5.0,5.159999847412109,869100,4.729333353042603
2018-04-16,4.900000095367432,4.900000095367432,5.079999923706055,4.900000095367432,5.070000171661377,769700,4.752333354949951
2018-04-17,5.019999980926514,5.019999980926514,5.070000171661377,4.860000133514404,4.929999828338623,720000,4.776666688919067
2018-04-18,4.900000095367432,4.900000095367432,5.090000152587891,4.889999866485596,5.050000190734863,830200,4.793666696548462
2018-04-19,4.630000114440918,4.630000114440918,4.940000057220459,4.630000114440918,4.909999847412109,1007000,4.800000031789144
2018-04-20,4.639999866485596,4.639999866485596,4.730000019073486,4.579999923706055,4.610000133514404,902000,4.806000026067098
2018-04-23,4.670000076293945,4.670000076293945,4.769999980926514,4.559999942779541,4.670000076293945,754800,4.8113333543141685
2018-04-24,4.559999942779541,4.559999942779541,4.699999809265137,4.449999809265137,4.659999847412109,1007200,4.807333358128866
2018-04-25,4.460000038146973,4.460000038146973,4.590000152587891,4.449999809265137,4.559999942779541,945600,4.804666694005331
2018-04-26,4.46999979019165,4.46999979019165,4.630000114440918,4.449999809265137,4.5,920800,4.804666694005331
2018-04-27,4.440000057220459,4.440000057220459,4.550000190734863,4.369999885559082,4.480000019073486,686600,4.791333357493083
2018-04-30,4.389999866485596,4.389999866485596,4.489999771118164,4.380000114440918,4.46999979019165,544600,4.766000016530355
2018-05-01,4.449999809265137,4.449999809265137,4.449999809265137,4.329999923706055,4.380000114440918,565300,4.744000005722046
2018-05-02,4.5,4.5,4.610000133514404,4.409999847412109,4.429999828338623,685800,4.727333339055379
2018-05-03,4.46999979019165,4.46999979019165,4.579999923706055,4.429999828338623,4.5,697400,4.706333335240682
2018-05-04,4.539999961853027,4.539999961853027,4.610000133514404,4.449999809265137,4.449999809265137,582800,4.68266666730245
2018-05-07,4.610000133514404,4.610000133514404,4.690000057220459,4.579999923706055,4.579999923706055,546200,4.677333339055379
2018-05-08,4.679999828338623,4.679999828338623,4.699999809265137,4.579999923706055,4.619999885559082,460200,4.675666666030883
2018-05-09,4.829999923706055,4.829999923706055,4.880000114440918,4.650000095367432,4.650000095367432,985600,4.678999996185302
2018-05-10,4.389999866485596,4.389999866485596,4.579999923706055,4.320000171661377,4.510000228881836,1327900,4.66833332379659
2018-05-11,4.559999942779541,4.559999942779541,4.579999923706055,4.389999866485596,4.400000095367432,736200,4.663333320617676
2018-05-14,4.730000019073486,4.730000019073486,4.75,4.550000190734863,4.559999942779541,1015700,4.673666652043661
2018-05-15,5.0,5.0,5.170000076293945,4.820000171661377,5.0,3829400,4.686333322525025
2018-05-16,5.099999904632568,5.099999904632568,5.150000095367432,4.980000019073486,5.0,1614800,4.696999979019165
2018-05-17,5.039999961853027,5.039999961853027,5.230000019073486,4.960000038146973,5.130000114440918,1398200,4.70499997138977
2018-05-18,4.989999771118164,4.989999771118164,5.119999885559082,4.909999847412109,5.099999904632568,963100,4.717333300908407
2018-05-21,4.809999942779541,4.809999942779541,5.050000190734863,4.769999980926514,5.039999961853027,834600,4.721999963124593
2018-05-22,4.840000152587891,4.840000152587891,4.940000057220459,4.800000190734863,4.809999942779541,729500,4.724666627248128
2018-05-23,4.860000133514404,4.860000133514404,4.889999866485596,4.809999942779541,4.809999942779541,501500,4.723333295186361
2018-05-24,4.840000152587891,4.840000152587891,4.889999866485596,4.789999961853027,4.840000152587891,527300,4.7126666386922205
2018-05-25,4.900000095367432,4.900000095367432,4.900000095367432,4.78000020980835,4.820000171661377,699800,4.70733331044515
2018-05-29,4.590000152587891,4.590000152587891,4.860000133514404,4.550000190734863,4.690000057220459,1361600,4.696999979019165
2018-05-30,4.679999828338623,4.679999828338623,4.699999809265137,4.539999961853027,4.599999904632568,668000,4.685666640599568
2018-05-31,4.760000228881836,4.760000228881836,4.78000020980835,4.599999904632568,4.690000057220459,887500,4.680999978383382
2018-06-01,4.650000095367432,4.650000095367432,4.78000020980835,4.619999885559082,4.78000020980835,860200,4.681666644414266
2018-06-04,4.619999885559082,4.619999885559082,4.670000076293945,4.510000228881836,4.639999866485596,712700,4.680999978383382
2018-06-05,4.559999942779541,4.559999942779541,4.690000057220459,4.550000190734863,4.619999885559082,947700,4.6773333072662355
2018-06-06,4.550000190734863,4.550000190734863,4.650000095367432,4.519999980926514,4.559999942779541,619400,4.67699998219808
2018-06-07,4.460000038146973,4.460000038146973,4.590000152587891,4.460000038146973,4.570000171661377,651700,4.67699998219808
2018-06-08,4.440000057220459,4.440000057220459,4.53000020980835,4.429999828338623,4.489999771118164,576000,4.675999991099039
2018-06-11,4.480000019073486,4.480000019073486,4.519999980926514,4.429999828338623,4.440000057220459,557800,4.677333323160807
2018-06-12,4.5,4.5,4.53000020980835,4.420000076293945,4.480000019073486,588800,4.680999994277954
2018-06-13,4.5,4.5,4.579999923706055,4.440000057220459,4.5,531200,4.68266666730245
2018-06-14,4.550000190734863,4.550000190734863,4.570000171661377,4.420000076293945,4.510000228881836,916700,4.684333340326945
2018-06-15,4.489999771118164,4.489999771118164,4.550000190734863,4.440000057220459,4.510000228881836,2332800,4.6850000063578285
2018-06-18,4.429999828338623,4.429999828338623,4.539999961853027,4.360000133514404,4.480000019073486,670700,4.681333335240682
2018-06-19,4.260000228881836,4.260000228881836,4.449999809265137,4.260000228881836,4.389999866485596,1013900,4.66966667175293
2018-06-20,4.349999904632568,4.349999904632568,4.460000038146973,4.269999980926514,4.460000038146973,926200,4.658666674296061
2018-06-21,4.190000057220459,4.190000057220459,4.389999866485596,4.150000095367432,4.349999904632568,1026500,4.637333345413208
2018-06-22,4.239999771118164,4.239999771118164,4.349999904632568,4.150000095367432,4.21999979019165,1886400,4.632333342234293
2018-06-25,4.090000152587891,4.090000152587891,4.289999961853027,4.070000171661377,4.289999961853027,998200,4.616666682561239
2018-06-26,4.070000171661377,4.070000171661377,4.179999828338623,4.019999980926514,4.110000133514404,634100,4.594666687647502
2018-06-27,3.890000104904175,3.890000104904175,4.21999979019165,3.890000104904175,4.119999885559082,1252900,4.557666691144307
2018-06-28,3.880000114440918,3.880000114440918,4.03000020980835,3.640000104904175,3.9100000858306885,1253600,4.517000031471253
2018-06-29,3.9200000762939453,3.9200000762939453,4.079999923706055,3.8399999141693115,4.039999961853027,1219300,4.479666701952616
2018-07-02,4.130000114440918,4.130000114440918,4.130000114440918,3.7899999618530273,3.9000000953674316,950900,4.451000046730042
2018-07-03,4.199999809265137,4.199999809265137,4.199999809265137,4.050000190734863,4.150000095367432,554100,4.430666708946228
2018-07-05,4.139999866485596,4.139999866485596,4.230000019073486,4.090000152587891,4.190000057220459,536100,4.407333366076151
2018-07-06,4.409999847412109,4.409999847412109,4.409999847412109,4.110000133514404,4.159999847412109,866200,4.3923333565394085
2018-07-09,4.460000038146973,4.460000038146973,4.519999980926514,4.369999885559082,4.440000057220459,793300,4.379666686058044
2018-07-10,4.440000057220459,4.440000057220459,4.480000019073486,4.389999866485596,4.460000038146973,533500,4.364333351453145
2018-07-11,4.46999979019165,4.46999979019165,4.519999980926514,4.349999904632568,4.429999828338623,637400,4.360333339373271
2018-07-12,4.46999979019165,4.46999979019165,4.519999980926514,4.400000095367432,4.460000038146973,633600,4.353333338101705
2018-07-13,4.269999980926514,4.269999980926514,4.489999771118164,4.269999980926514,4.449999809265137,623500,4.336999996503194
2018-07-16,4.130000114440918,4.130000114440918,4.289999961853027,4.070000171661377,4.25,664400,4.319666663805644
2018-07-17,4.289999961853027,4.289999961853027,4.289999961853027,4.130000114440918,4.130000114440918,446100,4.308666666348775
2018-07-18,4.289999961853027,4.289999961853027,4.380000114440918,4.210000038146973,4.340000152587891,340300,4.2996666669845585
2018-07-19,4.320000171661377,4.320000171661377,4.340000152587891,4.170000076293945,4.260000228881836,490400,4.291999999682108
2018-07-20,4.320000171661377,4.320000171661377,4.360000133514404,4.239999771118164,4.320000171661377,371200,4.287333337465922
2018-07-23,4.309999942779541,4.309999942779541,4.320000171661377,4.179999828338623,4.309999942779541,341400,4.283000000317892
2018-07-24,4.25,4.25,4.349999904632568,4.199999809265137,4.340000152587891,382700,4.275333333015442
2018-07-25,4.25,4.25,4.300000190734863,4.170000076293945,4.21999979019165,533500,4.266999999682109
2018-07-26,4.130000114440918,4.130000114440918,4.239999771118164,4.099999904632568,4.239999771118164,588200,4.2546666701634726
2018-07-27,3.9800000190734863,3.9800000190734863,4.119999885559082,3.890000104904175,4.119999885559082,1161500,4.2356666644414265
2018-07-30,4.059999942779541,4.059999942779541,4.099999904632568,3.930000066757202,3.9800000190734863,816300,4.221333336830139
2018-07-31,4.010000228881836,4.010000228881836,4.119999885559082,3.9700000286102295,4.090000152587891,564100,4.20733335018158
2018-08-01,3.950000047683716,3.950000047683716,4.070000171661377,3.940000057220459,4.0,559000,4.197000010808309
2018-08-02,3.9700000286102295,3.9700000286102295,4.010000228881836,3.869999885559082,3.950000047683716,523700,4.184333348274231
2018-08-03,3.940000057220459,3.940000057220459,4.039999961853027,3.9100000858306885,3.990000009536743,517400,4.176000014940898
2018-08-06,3.9200000762939453,3.9200000762939453,3.9800000190734863,3.8499999046325684,3.9600000381469727,707300,4.165333358446757
2018-08-07,4.019999980926514,4.019999980926514,4.110000133514404,3.940000057220459,3.9800000190734863,698200,4.163000019391378
2018-08-08,4.480000019073486,4.480000019073486,4.570000171661377,4.199999809265137,4.25,2198500,4.176666680971781
2018-08-09,4.360000133514404,4.360000133514404,4.579999923706055,4.349999904632568,4.460000038146973,1113400,4.192333348592123
2018-08-10,4.460000038146973,4.460000038146973,4.480000019073486,4.300000190734863,4.349999904632568,416800,4.211666679382324
2018-08-13,4.420000076293945,4.420000076293945,4.5,4.389999866485596,4.46999979019165,631500,4.2283333460489905
2018-08-14,4.489999771118164,4.489999771118164,4.539999961853027,4.429999828338623,4.440000057220459,382800,4.240333334604899
2018-08-15,4.429999828338623,4.429999828338623,4.599999904632568,4.380000114440918,4.489999771118164,509700,4.248000001907348
2018-08-16,4.5,4.5,4.570000171661377,4.360000133514404,4.53000020980835,737100,4.260000006357829
2018-08-17,4.429999828338623,4.429999828338623,4.5,4.400000095367432,4.46999979019165,576100,4.260666672388712
2018-08-20,4.389999866485596,4.389999866485596,4.420000076293945,4.300000190734863,4.409999847412109,524700,4.258333333333334
2018-08-21,4.539999961853027,4.539999961853027,4.539999961853027,4.340000152587891,4.369999885559082,604300,4.261666663487753
2018-08-22,4.829999923706055,4.829999923706055,4.860000133514404,4.440000057220459,4.510000228881836,1599300,4.273666667938232
2018-08-23,4.96999979019165,4.96999979019165,5.079999923706055,4.800000190734863,4.809999942779541,1607800,4.290333334604899
2018-08-24,5.059999942779541,5.059999942779541,5.090000152587891,4.909999847412109,4.96999979019165,822500,4.316666666666666
2018-08-27,5.039999961853027,5.039999961853027,5.190000057220459,5.0,5.059999942779541,992000,4.346999994913737
2018-08-28,4.829999923706055,4.829999923706055,5.090000152587891,4.820000171661377,5.03000020980835,863200,4.364999993642171
2018-08-29,5.0,5.0,5.03000020980835,4.820000171661377,4.840000152587891,854900,4.3886666615804035
2018-08-30,5.059999942779541,5.059999942779541,5.130000114440918,4.960000038146973,4.980000019073486,1427600,4.413333320617676
2018-08-31,5.260000228881836,5.260000228881836,5.329999923706055,5.039999961853027,5.059999942779541,1641200,4.444666655858358
2018-09-04,5.429999828338623,5.429999828338623,5.46999979019165,5.25,5.349999904632568,926400,4.481999985376993
2018-09-05,5.539999961853027,5.539999961853027,5.650000095367432,5.28000020980835,5.429999828338623,1212000,4.5249999841054285
2018-09-06,5.309999942779541,5.309999942779541,5.599999904632568,5.21999979019165,5.579999923706055,1132000,4.5603333155314125
2018-09-07,5.380000114440918,5.380000114440918,5.5,5.179999828338623,5.28000020980835,959100,4.6019999821980795
2018-09-10,5.449999809265137,5.449999809265137,5.550000190734863,5.21999979019165,5.389999866485596,1353000,4.650999975204468
2018-09-11,5.440000057220459,5.440000057220459,5.53000020980835,5.340000152587891,5.429999828338623,860300,4.696999979019165
2018-09-12,5.389999866485596,5.389999866485596,5.440000057220459,5.28000020980835,5.409999847412109,772800,4.742999966939291
2018-09-13,5.260000228881836,5.260000228881836,5.489999771118164,5.230000019073486,5.400000095367432,766800,4.786666639645895
2018-09-14,5.050000190734863,5.050000190734863,5.260000228881836,5.010000228881836,5.260000228881836,878000,4.822666645050049
2018-09-17,4.820000171661377,4.820000171661377,5.099999904632568,4.75,5.099999904632568,1374000,4.8519999821980795
2018-09-18,4.869999885559082,4.869999885559082,4.909999847412109,4.75,4.78000020980835,623000,4.883666642506918
2018-09-19,4.820000171661377,4.820000171661377,4.960000038146973,4.800000190734863,4.889999866485596,625700,4.910333315531413
2018-09-20,4.900000095367432,4.900000095367432,4.909999847412109,4.800000190734863,4.860000133514404,444700,4.924333318074544
2018-09-21,4.730000019073486,4.730000019073486,4.949999809265137,4.690000057220459,4.900000095367432,2159500,4.936666647593181
2018-09-24,4.840000152587891,4.840000152587891,4.860000133514404,4.679999828338623,4.710000038146973,585600,4.949333318074545
2018-09-25,5.050000190734863,5.050000190734863,5.099999904632568,4.820000171661377,4.840000152587891,568200,4.970333321889242
2018-09-26,5.25,5.25,5.340000152587891,5.090000152587891,5.130000114440918,1051400,4.99566666285197
2018-09-27,5.579999923706055,5.579999923706055,5.599999904632568,5.25,5.28000020980835,1392900,5.033999999364217
2018-09-28,5.559999942779541,5.559999942779541,5.699999809265137,5.440000057220459,5.550000190734863,1142000,5.069333330790202
2018-10-01,5.349999904632568,5.349999904632568,5.659999847412109,5.329999923706055,5.599999904632568,783800,5.1
2018-10-02,6.110000133514404,6.110000133514404,6.300000190734863,5.619999885559082,5.619999885559082,4914400,5.157333342234294
2018-10-03,6.070000171661377,6.070000171661377,6.21999979019165,5.880000114440918,6.159999847412109,1921100,5.208333349227905
2018-10-04,5.679999828338623,5.679999828338623,6.010000228881836,5.659999847412109,6.010000228881836,1416700,5.236666679382324
2018-10-05,5.5,5.5,5.769999980926514,5.300000190734863,5.679999828338623,1547000,5.254333353042602
2018-10-08,5.369999885559082,5.369999885559082,5.599999904632568,5.329999923706055,5.579999923706055,867000,5.264666684468588
2018-10-09,5.269999980926514,5.269999980926514,5.46999979019165,5.269999980926514,5.349999904632568,716900,5.272333351771037
2018-10-10,5.090000152587891,5.090000152587891,5.340000152587891,5.079999923706055,5.25,857800,5.281000026067098
2018-10-11,5.210000038146973,5.210000038146973,5.420000076293945,5.03000020980835,5.090000152587891,1150500,5.288000027338664
2018-10-12,5.289999961853027,5.289999961853027,5.340000152587891,5.119999885559082,5.28000020980835,764200,5.295666694641113
2018-10-15,5.340000152587891,5.340000152587891,5.639999866485596,5.239999771118164,5.630000114440918,1298800,5.298333358764649
2018-10-16,5.579999923706055,5.579999923706055,5.610000133514404,5.320000171661377,5.360000133514404,1179500,5.3033333619435625
2018-10-17,5.539999961853027,5.539999961853027,5.639999866485596,5.400000095367432,5.590000152587891,982500,5.3033333619435625
2018-10-18,5.519999980926514,5.519999980926514,5.630000114440918,5.449999809265137,5.519999980926514,819800,5.310333363215128
2018-10-19,5.440000057220459,5.440000057220459,5.679999828338623,5.409999847412109,5.539999961853027,739200,5.31233336130778
2018-10-22,5.260000228881836,5.260000228881836,5.639999866485596,5.230000019073486,5.480000019073486,875300,5.30600004196167
2018-10-23,5.21999979019165,5.21999979019165,5.289999961853027,4.96999979019165,5.190000057220459,1025700,5.298666699727376
2018-10-24,4.789999961853027,4.789999961853027,5.239999771118164,4.789999961853027,5.239999771118164,1296400,5.278666702906291
2018-10-25,5.010000228881836,5.010000228881836,5.079999923706055,4.820000171661377,4.820000171661377,911200,5.270333369572957
2018-10-26,5.039999961853027,5.039999961853027,5.139999866485596,4.849999904632568,4.929999828338623,745100,5.270000028610229
2018-10-29,4.929999828338623,4.929999828338623,5.130000114440918,4.829999923706055,5.059999942779541,743700,5.273666683832804
2018-10-30,4.96999979019165,4.96999979019165,5.119999885559082,4.860000133514404,4.920000076293945,647400,5.277000013987223
2018-10-31,4.929999828338623,4.929999828338623,5.059999942779541,4.920000076293945,5.019999980926514,728500,5.280666669209798
2018-11-01,5.059999942779541,5.059999942779541,5.130000114440918,4.960000038146973,4.960000038146973,819000,5.2859999974568685
2018-11-02,5.150000095367432,5.150000095367432,5.28000020980835,5.079999923706055,5.079999923706055,897400,5.3
2018-11-05,5.139999866485596,5.139999866485596,5.230000019073486,4.989999771118164,5.159999847412109,942600,5.309999990463257
2018-11-06,5.03000020980835,5.03000020980835,5.150000095367432,5.0,5.110000133514404,613100,5.309333324432373
2018-11-07,5.230000019073486,5.230000019073486,5.239999771118164,5.050000190734863,5.079999923706055,871300,5.308666658401489
2018-11-08,5.190000057220459,5.190000057220459,5.329999923706055,5.119999885559082,5.239999771118164,817600,5.2956666628519695
2018-11-09,5.289999961853027,5.289999961853027,5.5,4.860000133514404,5.0,1938700,5.286666663487752
2018-11-12,4.920000076293945,4.920000076293945,5.360000133514404,4.889999866485596,5.360000133514404,1113800,5.272333335876465
2018-11-13,4.840000152587891,4.840000152587891,5.0,4.789999961853027,4.940000057220459,592500,5.2300000031789144
2018-11-14,4.909999847412109,4.909999847412109,5.03000020980835,4.760000228881836,4.940000057220459,788700,5.191333325703939
2018-11-15,5.03000020980835,5.03000020980835,5.03000020980835,4.800000190734863,4.889999866485596,714100,5.16966667175293
2018-11-16,5.119999885559082,5.119999885559082,5.150000095367432,4.96999979019165,4.980000019073486,658600,5.157000001271566
2018-11-19,5.010000228881836,5.010000228881836,5.150000095367432,4.929999828338623,5.079999923706055,650600,5.145000012715657
2018-11-20,5.03000020980835,5.03000020980835,5.110000133514404,4.869999885559082,4.900000095367432,996600,5.137000020345052
2018-11-21,5.130000114440918,5.130000114440918,5.170000076293945,5.03000020980835,5.099999904632568,781300,5.1383333524068195
2018-11-23,5.170000076293945,5.170000076293945,5.260000228881836,5.070000171661377,5.070000171661377,506800,5.137000020345052
2018-11-26,5.300000190734863,5.300000190734863,5.440000057220459,5.260000228881836,5.260000228881836,921200,5.13733336130778
2018-11-27,5.260000228881836,5.260000228881836,5.369999885559082,5.159999847412109,5.28000020980835,622300,5.134666697184245
2018-11-28,5.429999828338623,5.429999828338623,5.429999828338623,5.230000019073486,5.289999961853027,1013700,5.129666694005331
2018-11-29,5.349999904632568,5.349999904632568,5.460000038146973,5.28000020980835,5.400000095367432,566100,5.123333358764649
2018-11-30,5.349999904632568,5.349999904632568,5.360000133514404,5.269999980926514,5.320000171661377,722100,5.11766668955485
2018-12-03,5.409999847412109,5.409999847412109,5.46999979019165,5.300000190734863,5.460000038146973,868400,5.116666682561239
2018-12-04,5.21999979019165,5.21999979019165,5.460000038146973,5.199999809265137,5.400000095367432,775000,5.115333334604899
2018-12-06,5.260000228881836,5.260000228881836,5.429999828338623,5.119999885559082,5.21999979019165,956100,5.116666682561239
2018-12-07,5.159999847412109,5.159999847412109,5.340000152587891,5.150000095367432,5.260000228881836,655900,5.129000012079874
2018-12-10,5.190000057220459,5.190000057220459,5.21999979019165,5.019999980926514,5.170000076293945,876300,5.135000006357829
2018-12-11,5.190000057220459,5.190000057220459,5.329999923706055,5.090000152587891,5.25,520000,5.1400000095367435
2018-12-12,5.309999942779541,5.309999942779541,5.380000114440918,5.210000038146973,5.210000038146973,701000,5.152666680018107
2018-12-13,5.099999904632568,5.099999904632568,5.320000171661377,5.079999923706055,5.309999942779541,862500,5.157000017166138
2018-12-14,4.860000133514404,4.860000133514404,5.099999904632568,4.840000152587891,5.059999942779541,1145600,5.15466669400533
2018-12-17,4.71999979019165,4.71999979019165,5.010000228881836,4.71999979019165,4.860000133514404,897900,5.143333355585734
2018-12-18,4.519999980926514,4.519999980926514,4.809999942779541,4.46999979019165,4.769999980926514,846500,5.1223333517710365
2018-12-19,4.449999809265137,4.449999809265137,4.760000228881836,4.400000095367432,4.5,895400,5.099333349863688
2018-12-20,4.25,4.25,4.53000020980835,4.199999809265137,4.480000019073486,1151700,5.073333342870076
2018-12-21,3.890000104904175,3.890000104904175,4.269999980926514,3.809999942779541,4.269999980926514,2431700,5.0286666790644325
2018-12-24,3.9200000762939453,3.9200000762939453,4.099999904632568,3.8299999237060547,3.8499999046325684,754000,4.986333346366882
2018-12-26,4.070000171661377,4.070000171661377,4.070000171661377,3.75,3.940000057220459,1439600,4.945666686693827
2018-12-27,3.9600000381469727,3.9600000381469727,4.170000076293945,3.799999952316284,4.039999961853027,1180000,4.913666685422261
2018-12-28,4.0,4.0,4.090000152587891,3.869999885559082,3.930000066757202,636700,4.885666680335999
2018-12-31,4.0,4.0,4.099999904632568,3.930000066757202,4.010000228881836,948200,4.855333352088929
2019-01-02,4.21999979019165,4.21999979019165,4.230000019073486,3.9100000858306885,3.930000066757202,711200,4.828333338101705
2019-01-03,4.28000020980835,4.28000020980835,4.329999923706055,4.190000057220459,4.210000038146973,873300,4.800333348910014
2019-01-04,4.599999904632568,4.599999904632568,4.650000095367432,4.289999961853027,4.349999904632568,1005800,4.7866666714350385
2019-01-07,4.929999828338623,4.929999828338623,4.960000038146973,4.650000095367432,4.690000057220459,1249900,4.783333325386048
2019-01-08,4.75,4.75,5.03000020980835,4.659999847412109,4.96999979019165,900800,4.770666654904684
2019-01-09,4.739999771118164,4.739999771118164,4.789999961853027,4.679999828338623,4.75,569000,4.756333311398824
2019-01-10,4.760000228881836,4.760000228881836,4.769999980926514,4.659999847412109,4.710000038146973,528700,4.73833331267039
2019-01-11,4.840000152587891,4.840000152587891,4.869999885559082,4.610000133514404,4.739999771118164,453000,4.724333310127259
2019-01-14,4.510000228881836,4.510000228881836,4.849999904632568,4.5,4.820000171661377,782000,4.693666656812032
2019-01-15,4.730000019073486,4.730000019073486,4.739999771118164,4.510000228881836,4.550000190734863,587700,4.672999993960063
2019-01-16,4.909999847412109,4.909999847412109,4.940000057220459,4.71999979019165,4.75,863300,4.658333325386048
2019-01-17,5.079999923706055,5.079999923706055,5.099999904632568,4.880000114440918,4.889999866485596,768300,4.647333327929179
2019-01-18,5.090000152587891,5.090000152587891,5.099999904632568,4.929999828338623,4.96999979019165,576200,4.64300000667572
2019-01-22,5.0,5.0,5.079999923706055,4.900000095367432,5.070000171661377,793200,4.634333332379659
2019-01-23,4.78000020980835,4.78000020980835,5.03000020980835,4.75,5.0,648600,4.621666677792867
2019-01-24,5.010000228881836,5.010000228881836,5.099999904632568,4.909999847412109,5.019999980926514,1307900,4.615666683514913
2019-01-25,5.099999904632568,5.099999904632568,5.110000133514404,4.989999771118164,5.03000020980835,856400,4.61266667842865
2019-01-28,4.809999942779541,4.809999942779541,5.099999904632568,4.800000190734863,5.050000190734863,818300,4.5960000117619835
2019-01-29,4.710000038146973,4.710000038146973,4.829999923706055,4.639999866485596,4.809999942779541,691300,4.583000016212464
2019-01-30,5.039999961853027,5.039999961853027,5.050000190734863,4.679999828338623,4.71999979019165,1068900,4.589000010490418
2019-01-31,5.010000228881836,5.010000228881836,5.090000152587891,4.960000038146973,5.039999961853027,651600,4.598666691780091
2019-02-01,4.960000038146973,4.960000038146973,5.039999961853027,4.869999885559082,5.010000228881836,457100,4.613333360354106
2019-02-04,4.849999904632568,4.849999904632568,4.980000019073486,4.809999942779541,4.980000019073486,544600,4.626666696866353
2019-02-05,4.690000057220459,4.690000057220459,4.960000038146973,4.650000095367432,4.849999904632568,1048700,4.641333365440369
2019-02-06,4.679999828338623,4.679999828338623,4.75,4.619999885559082,4.699999809265137,484700,4.66766668955485
2019-02-07,4.679999828338623,4.679999828338623,4.789999961853027,4.570000171661377,4.659999847412109,711300,4.693000014623006
2019-02-08,4.610000133514404,4.610000133514404,4.75,4.559999942779541,4.670000076293945,597300,4.71100001335144
2019-02-11,4.630000114440918,4.630000114440918,4.679999828338623,4.510000228881836,4.639999866485596,436500,4.733333349227905
2019-02-12,4.690000057220459,4.690000057220459,4.75,4.619999885559082,4.650000095367432,645100,4.756333351135254
2019-02-13,4.679999828338623,4.679999828338623,4.730000019073486,4.639999866485596,4.710000038146973,495500,4.779000012079875
2019-02-14,3.690000057220459,3.690000057220459,3.819999933242798,3.680000066757202,3.75,9355100,4.761333354314169
2019-02-15,3.700000047683716,3.700000047683716,3.950000047683716,3.680000066757202,3.799999952316284,3604500,4.74200001557668
2019-02-19,3.690000057220459,3.690000057220459,3.75,3.630000114440918,3.740000009536743,3250400,4.71166668732961
2019-02-20,3.75,3.75,3.7799999713897705,3.630000114440918,3.700000047683716,1624100,4.672333359718323
2019-02-21,3.7100000381469727,3.7100000381469727,3.9200000762939453,3.700000047683716,3.7699999809265137,1831500,4.637666694323221
2019-02-22,3.7300000190734863,3.7300000190734863,3.740000009536743,3.6600000858306885,3.7100000381469727,1268500,4.604000035921732
2019-02-25,3.7799999713897705,3.7799999713897705,3.819999933242798,3.700000047683716,3.740000009536743,1483100,4.571333360671997
2019-02-26,3.740000009536743,3.740000009536743,3.809999942779541,3.7300000190734863,3.7699999809265137,2525400,4.534666689236959
2019-02-27,3.7300000190734863,3.7300000190734863,3.7699999809265137,3.6700000762939453,3.7200000286102295,1399300,4.508666682243347
2019-02-28,3.6600000858306885,3.6600000858306885,3.740000009536743,3.6500000953674316,3.7200000286102295,1430100,4.473000017801921
2019-03-01,3.7899999618530273,3.7899999618530273,3.799999952316284,3.6600000858306885,3.690000057220459,2807100,4.435666688283285
2019-03-04,3.6700000762939453,3.6700000762939453,3.809999942779541,3.5899999141693115,3.799999952316284,1839000,4.388666693369547
2019-03-05,3.609999895095825,3.609999895095825,3.700000047683716,3.5999999046325684,3.680000066757202,1174100,4.339333351453146
2019-03-06,3.4200000762939453,3.4200000762939453,3.640000104904175,3.359999895095825,3.619999885559082,2333500,4.28666668732961
2019-03-07,3.549999952316284,3.549999952316284,3.549999952316284,3.309999942779541,3.4200000762939453,1193500,4.245666678746542
2019-03-08,3.3399999141693115,3.3399999141693115,3.5399999618530273,3.3299999237060547,3.5,1475100,4.190000001589457
2019-03-11,3.5199999809265137,3.5199999809265137,3.5299999713897705,3.309999942779541,3.359999895095825,1217700,4.137333337465922
2019-03-12,3.559999942779541,3.559999942779541,3.559999942779541,3.3499999046325684,3.549999952316284,832900,4.095666670799256
2019-03-13,3.6500000953674316,3.6500000953674316,3.6700000762939453,3.0199999809265137,3.3499999046325684,2585400,4.060333339373271
2019-03-14,3.619999885559082,3.619999885559082,3.640000104904175,3.5899999141693115,3.5999999046325684,733200,4.013000003496805
2019-03-15,3.5199999809265137,3.5199999809265137,3.619999885559082,3.490000009536743,3.619999885559082,2770200,3.963333328564962
2019-03-18,3.5199999809265137,3.5199999809265137,3.5999999046325684,3.440000057220459,3.549999952316284,774000,3.915333326657613
2019-03-19,3.5999999046325684,3.5999999046325684,3.619999885559082,3.4800000190734863,3.5199999809265137,821300,3.8736666599909464
2019-03-20,3.5999999046325684,3.5999999046325684,3.680000066757202,3.569999933242798,3.5999999046325684,881900,3.83733332157135
2019-03-21,3.7200000286102295,3.7200000286102295,3.9100000858306885,3.5399999618530273,3.8399999141693115,2454100,3.8053333282470705
2019-03-22,3.619999885559082,3.619999885559082,3.7100000381469727,3.5199999809265137,3.700000047683716,1904100,3.7699999968210856
2019-03-25,3.619999885559082,3.619999885559082,3.690000057220459,3.509999990463257,3.609999895095825,1329600,3.736999988555908
2019-03-26,3.7300000190734863,3.7300000190734863,3.799999952316284,3.6700000762939453,3.799999952316284,1544700,3.706999985376994
2019-03-27,3.619999885559082,3.619999885559082,3.740000009536743,3.609999895095825,3.740000009536743,871000,3.6713333129882812
2019-03-28,3.640000104904175,3.640000104904175,3.6600000858306885,3.559999942779541,3.609999895095825,875200,3.6366666555404663
2019-03-29,3.7300000190734863,3.7300000190734863,3.740000009536743,3.609999895095825,3.6700000762939453,1016800,3.637999987602234
2019-04-01,3.690000057220459,3.690000057220459,3.8299999237060547,3.6600000858306885,3.7799999713897705,1235400,3.637666654586792
2019-04-02,3.700000047683716,3.700000047683716,3.7699999809265137,3.6600000858306885,3.690000057220459,1585200,3.637999987602234
2019-04-03,3.859999895095825,3.859999895095825,3.869999885559082,3.7100000381469727,3.7200000286102295,1349800,3.6416666507720947
2019-04-04,3.890000104904175,3.890000104904175,3.9100000858306885,3.7899999618530273,3.859999895095825,841600,3.647666652997335
2019-04-05,3.9600000381469727,3.9600000381469727,4.050000190734863,3.890000104904175,3.930000066757202,1418900,3.655333320299784
2019-04-08,4.03000020980835,4.03000020980835,4.050000190734863,3.880000114440918,4.039999961853027,1452100,3.6636666615804034
2019-04-09,3.930000066757202,3.930000066757202,4.059999942779541,3.930000066757202,4.03000020980835,898900,3.6699999968210855
2019-04-10,4.039999961853027,4.039999961853027,4.050000190734863,3.930000066757202,3.950000047683716,759200,3.6803333282470705
2019-04-11,4.079999923706055,4.079999923706055,4.110000133514404,3.9700000286102295,4.050000190734863,946000,3.694333322842916
2019-04-12,4.099999904632568,4.099999904632568,4.139999866485596,3.990000009536743,4.090000152587891,1092900,3.7046666542689004
2019-04-15,3.990000009536743,3.990000009536743,4.130000114440918,3.9100000858306885,4.099999904632568,922700,3.7153333187103272
2019-04-16,3.930000066757202,3.930000066757202,4.019999980926514,3.9100000858306885,4.010000228881836,731000,3.7259999910990396
2019-04-17,3.7200000286102295,3.7200000286102295,4.0,3.7100000381469727,3.9700000286102295,1431900,3.7359999895095823
2019-04-18,3.7300000190734863,3.7300000190734863,3.7899999618530273,3.609999895095825,3.75,1282800,3.7419999917348226
2019-04-22,3.799999952316284,3.799999952316284,3.8299999237060547,3.700000047683716,3.7100000381469727,1139400,3.7573333263397215
2019-04-23,3.859999895095825,3.859999895095825,3.890000104904175,3.7799999713897705,3.799999952316284,1011600,3.768666656812032
2019-04-24,3.799999952316284,3.799999952316284,3.880000114440918,3.75,3.880000114440918,1007400,3.7766666571299234
2019-04-25,3.8399999141693115,3.8399999141693115,3.9000000953674316,3.7799999713897705,3.809999942779541,633500,3.7829999844233195
2019-04-26,3.9200000762939453,3.9200000762939453,3.940000057220459,3.7799999713897705,3.809999942779541,613400,3.7929999907811482
2019-04-29,3.819999933242798,3.819999933242798,3.940000057220459,3.809999942779541,3.880000114440918,579200,3.802999989191691
2019-04-30,3.759999990463257,3.759999990463257,3.8499999046325684,3.700000047683716,3.799999952316284,768700,3.8109999895095825
2019-05-01,3.680000066757202,3.680000066757202,3.799999952316284,3.6600000858306885,3.759999990463257,597000,3.813666661580404
2019-05-02,3.740000009536743,3.740000009536743,3.740000009536743,3.559999942779541,3.700000047683716,833500,3.8183333317438763
2019-05-03,3.890000104904175,3.890000104904175,3.890000104904175,3.7300000190734863,3.740000009536743,773800,3.8240000009536743
2019-05-06,3.950000047683716,3.950000047683716,3.9800000190734863,3.7200000286102295,3.799999952316284,717200,3.835000006357829
2019-05-07,3.7100000381469727,3.7100000381469727,3.950000047683716,3.700000047683716,3.9100000858306885,668400,3.838000011444092
2019-05-08,3.9000000953674316,3.9000000953674316,3.9000000953674316,3.7300000190734863,3.740000009536743,785700,3.84366668065389
2019-05-09,3.869999885559082,3.869999885559082,3.940000057220459,3.740000009536743,3.8499999046325684,731200,3.8520000139872232
2019-05-10,3.7300000190734863,3.7300000190734863,3.7799999713897705,3.640000104904175,3.6600000858306885,1171200,3.8550000111262004
2019-05-13,3.569999933242798,3.569999933242798,3.690000057220459,3.5199999809265137,3.6500000953674316,1536200,3.8496666749318442
2019-05-14,3.5399999618530273,3.5399999618530273,3.619999885559082,3.5,3.5999999046325684,1047500,3.84466667175293
2019-05-15,3.490000009536743,3.490000009536743,3.5399999618530273,3.4200000762939453,3.509999990463257,810500,3.837666670481364
2019-05-16,3.4200000762939453,3.4200000762939453,3.5399999618530273,3.4000000953674316,3.5,776500,3.8230000098546344
2019-05-17,3.3399999141693115,3.3399999141693115,3.440000057220459,3.2699999809265137,3.4000000953674316,1071700,3.8046666701634724
2019-05-20,3.309999942779541,3.309999942779541,3.359999895095825,3.25,3.299999952316284,651500,3.7830000003178914
2019-05-21,3.450000047683716,3.450000047683716,3.450000047683716,3.319999933242798,3.319999933242798,763200,3.7636666615804035
2019-05-22,3.3499999046325684,3.3499999046325684,3.490000009536743,3.3299999237060547,3.450000047683716,581100,3.7443333228429156
2019-05-23,3.25,3.25,3.380000114440918,3.2100000381469727,3.319999933242798,760100,3.717999990781148
2019-05-24,3.259999990463257,3.259999990463257,3.309999942779541,3.180000066757202,3.2200000286102295,687700,3.690666659673055
2019-05-28,3.140000104904175,3.140000104904175,3.2699999809265137,3.130000114440918,3.259999990463257,683700,3.658666666348775
2019-05-29,3.059999942779541,3.059999942779541,3.0999999046325684,2.75,2.859999895095825,1538300,3.6276666641235353
2019-05-30,2.809999942779541,2.809999942779541,3.049999952316284,2.799999952316284,3.0399999618530273,1125700,3.590333326657613
2019-05-31,2.390000104904175,2.390000104904175,2.7899999618530273,2.359999895095825,2.759999990463257,3451000,3.5459999958674113
2019-06-03,2.369999885559082,2.369999885559082,2.4200000762939453,2.1500000953674316,2.4000000953674316,3382500,3.5006666580835977
2019-06-04,2.5,2.5,2.6700000762939453,2.3399999141693115,2.450000047683716,2377700,3.4573333263397217
2019-06-05,2.369999885559082,2.369999885559082,2.5299999713897705,2.3499999046325684,2.509999990463257,969900,3.4076666593551637
2019-06-06,2.2899999618530273,2.2899999618530273,2.490000009536743,2.2799999713897705,2.430000066757202,968900,3.3573333263397216
2019-06-07,2.450000047683716,2.450000047683716,2.450000047683716,2.259999990463257,2.2899999618530273,924700,3.3109999974568685
2019-06-10,2.490000009536743,2.490000009536743,2.559999942779541,2.4600000381469727,2.4600000381469727,777200,3.2633333285649617
2019-06-11,2.430000066757202,2.430000066757202,2.5399999618530273,2.3499999046325684,2.5,675200,3.2169999996821086
2019-06-12,2.490000009536743,2.490000009536743,2.5199999809265137,2.4000000953674316,2.4200000762939453,589100,3.174666666984558
2019-06-13,2.5299999713897705,2.5299999713897705,2.5299999713897705,2.4000000953674316,2.490000009536743,531600,3.1363333304723104
2019-06-14,2.4100000858306885,2.4100000858306885,2.5299999713897705,2.4000000953674316,2.5299999713897705,558500,3.0919999996821086
2019-06-17,2.5799999237060547,2.5799999237060547,2.5799999237060547,2.380000114440918,2.450000047683716,1066400,3.0483333269755044
2019-06-18,2.640000104904175,2.640000104904175,2.700000047683716,2.5799999237060547,2.5899999141693115,644900,3.0046666622161866
2019-06-19,2.619999885559082,2.619999885559082,2.6700000762939453,2.5899999141693115,2.6600000858306885,334200,2.9683333237965903
2019-06-20,2.6600000858306885,2.6600000858306885,2.7100000381469727,2.5899999141693115,2.6500000953674316,720500,2.9269999901453656
2019-06-21,2.619999885559082,2.619999885559082,2.680000066757202,2.319999933242798,2.6600000858306885,4637000,2.8853333234786986
2019-06-24,2.4200000762939453,2.4200000762939453,2.6600000858306885,2.4100000858306885,2.6600000858306885,813800,2.841666658719381
2019-06-25,2.5199999809265137,2.5199999809265137,2.630000114440918,2.369999885559082,2.4200000762939453,1307700,2.8066666603088377
2019-06-26,3.0199999809265137,3.0199999809265137,3.0399999618530273,2.619999885559082,2.640000104904175,4280600,2.7893333276112875
2019-06-27,2.9200000762939453,2.9200000762939453,3.0899999141693115,2.869999885559082,3.0,2344400,2.7703333298365274
2019-06-28,2.940000057220459,2.940000057220459,3.0199999809265137,2.859999895095825,2.9200000762939453,1867800,2.754333329200745
2019-07-01,3.0,3.0,3.0199999809265137,2.940000057220459,2.990000009536743,806800,2.7429999987284344
2019-07-02,2.990000009536743,2.990000009536743,3.059999942779541,2.940000057220459,3.0199999809265137,633900,2.7323333342870075
2019-07-03,3.009999990463257,3.009999990463257,3.0399999618530273,2.950000047683716,3.009999990463257,355900,2.717666665712992
2019-07-05,3.0199999809265137,3.0199999809265137,3.0399999618530273,2.950000047683716,3.0,554100,2.706666668256124
2019-07-08,2.9800000190734863,2.9800000190734863,3.069999933242798,2.930000066757202,3.0199999809265137,654300,2.6976666688919066
2019-07-09,3.0,3.0,3.049999952316284,2.950000047683716,2.9700000286102295,456200,2.6890000025431315
2019-07-10,3.009999990463257,3.009999990463257,3.0399999618530273,2.9600000381469727,3.009999990463257,487200,2.684666665395101
2019-07-11,2.930000066757202,2.930000066757202,3.0299999713897705,2.9100000858306885,3.0,544600,2.6803333361943564
2019-07-12,2.990000009536743,2.990000009536743,3.0199999809265137,2.880000114440918,2.950000047683716,505000,2.686333338419596
2019-07-15,2.9600000381469727,2.9600000381469727,3.0199999809265137,2.9200000762939453,3.0,247100,2.7053333361943563
2019-07-16,3.0,3.0,3.0199999809265137,2.9200000762939453,2.9600000381469727,443000,2.7263333400090537
2019-07-17,2.7100000381469727,2.7100000381469727,2.809999942779541,2.5,2.759999990463257,2732900,2.7333333412806193
2019-07-18,2.880000114440918,2.880000114440918,2.890000104904175,2.700000047683716,2.7100000381469727,747600,2.7503333489100137
2019-07-19,2.7899999618530273,2.7899999618530273,2.950000047683716,2.7899999618530273,2.859999895095825,744000,2.7670000155766803
2019-07-22,2.819999933242798,2.819999933242798,2.859999895095825,2.7699999809265137,2.799999952316284,443400,2.7793333450953166
2019-07-23,2.690000057220459,2.690000057220459,2.869999885559082,2.5999999046325684,2.819999933242798,659700,2.7860000133514404
2019-07-24,2.759999990463257,2.759999990463257,2.7799999713897705,2.630000114440918,2.680000066757202,402700,2.797000010808309
2019-07-25,2.680000066757202,2.680000066757202,2.7699999809265137,2.630000114440918,2.740000009536743,510600,2.803333346048991
2019-07-26,2.7799999713897705,2.7799999713897705,2.819999933242798,2.7100000381469727,2.7100000381469727,486900,2.8116666793823244
2019-07-29,2.7899999618530273,2.7899999618530273,2.809999942779541,2.75,2.7699999809265137,331900,2.824333341916402
2019-07-30,2.8399999141693115,2.8399999141693115,2.859999895095825,2.7300000190734863,2.759999990463257,360300,2.8330000082651776
2019-07-31,2.759999990463257,2.759999990463257,2.9200000762939453,2.75,2.859999895095825,493900,2.83700000445048
2019-08-01,2.740000009536743,2.740000009536743,2.869999885559082,2.680000066757202,2.75,601900,2.8410000085830687
2019-08-02,2.6600000858306885,2.6600000858306885,2.799999952316284,2.5999999046325684,2.7699999809265137,569100,2.8410000085830687
2019-08-05,2.7200000286102295,2.7200000286102295,2.740000009536743,2.569999933242798,2.5999999046325684,917800,2.8443333466847736
2019-08-06,2.559999942779541,2.559999942779541,2.75,2.440000057220459,2.7300000190734863,689800,2.84900000890096
2019-08-07,2.5299999713897705,2.5299999713897705,2.549999952316284,2.4800000190734863,2.4800000190734863,352600,2.849333341916402
2019-08-08,2.5399999618530273,2.5399999618530273,2.6600000858306885,2.5,2.5399999618530273,695800,2.8333333412806194
2019-08-09,2.490000009536743,2.490000009536743,2.5999999046325684,2.4200000762939453,2.4200000762939453,766800,2.819000005722046
2019-08-12,2.369999885559082,2.369999885559082,2.4600000381469727,2.3399999141693115,2.450000047683716,512900,2.8
2019-08-13,2.369999885559082,2.369999885559082,2.450000047683716,2.319999933242798,2.3499999046325684,532600,2.778999996185303
2019-08-14,2.2799999713897705,2.2799999713897705,2.359999895095825,2.25,2.319999933242798,674600,2.7553333282470702
2019-08-15,2.190000057220459,2.190000057220459,2.3499999046325684,2.1500000953674316,2.2799999713897705,883600,2.7279999971389772
2019-08-16,2.369999885559082,2.369999885559082,2.4000000953674316,2.2100000381469727,2.2200000286102295,506400,2.706333327293396
2019-08-19,2.430000066757202,2.430000066757202,2.4600000381469727,2.3299999237060547,2.380000114440918,574600,2.6879999955495197
2019-08-20,2.4000000953674316,2.4000000953674316,2.450000047683716,2.380000114440918,2.4200000762939453,204400,2.667999998728434
2019-08-21,2.359999895095825,2.359999895095825,2.4200000762939453,2.299999952316284,2.4200000762939453,432000,2.646333328882853
2019-08-22,2.299999952316284,2.299999952316284,2.369999885559082,2.2300000190734863,2.359999895095825,493000,2.625333325068156
2019-08-23,2.180000066757202,2.180000066757202,2.359999895095825,2.1500000953674316,2.2699999809265137,611200,2.5983333269755047
2019-08-26,2.190000057220459,2.190000057220459,2.25,2.119999885559082,2.200000047683716,385800,2.5726666609446207
2019-08-27,2.140000104904175,2.140000104904175,2.2100000381469727,2.049999952316284,2.190000057220459,898800,2.54399999777476
2019-08-28,2.200000047683716,2.200000047683716,2.2899999618530273,2.0899999141693115,2.109999895095825,487600,2.526999998092651
2019-08-29,2.2100000381469727,2.2100000381469727,2.2899999618530273,2.180000066757202,2.2300000190734863,313500,2.5046666622161866
2019-08-30,2.1600000858306885,2.1600000858306885,2.25,2.0999999046325684,2.2200000286102295,593300,2.483666666348775
2019-09-03,2.069999933242798,2.069999933242798,2.200000047683716,2.049999952316284,2.119999885559082,484600,2.4586666663487753
2019-09-04,2.069999933242798,2.069999933242798,2.130000114440918,2.0299999713897705,2.0899999141693115,461500,2.4379999955495197
2019-09-05,2.1500000953674316,2.1500000953674316,2.190000057220459,2.0799999237060547,2.130000114440918,537300,2.4176666657129924
2019-09-06,2.130000114440918,2.130000114440918,2.1500000953674316,2.109999895095825,2.1500000953674316,531600,2.3993333339691163
2019-09-09,2.190000057220459,2.190000057220459,2.2100000381469727,2.130000114440918,2.140000104904175,463700,2.3796666701634726
2019-09-10,2.4100000858306885,2.4100000858306885,2.440000057220459,2.190000057220459,2.2100000381469727,883000,2.3670000076293944
2019-09-11,2.619999885559082,2.619999885559082,2.630000114440918,2.4000000953674316,2.440000057220459,1262900,2.359666673342387
2019-09-12,2.609999895095825,2.609999895095825,2.630000114440918,2.4700000286102295,2.609999895095825,588400,2.3546666701634726
2019-09-13,2.5899999141693115,2.5899999141693115,2.6700000762939453,2.549999952316284,2.5999999046325684,286100,2.3496666669845583
2019-09-16,2.690000057220459,2.690000057220459,2.700000047683716,2.5299999713897705,2.559999942779541,456000,2.3506666660308837
2019-09-17,2.509999990463257,2.509999990463257,2.7300000190734863,2.430000066757202,2.700000047683716,521000,2.343666664759318
2019-09-18,2.509999990463257,2.509999990463257,2.5399999618530273,2.4100000858306885,2.5,377900,2.3419999996821086
2019-09-19,2.430000066757202,2.430000066757202,2.5399999618530273,2.430000066757202,2.5,258500,2.3386666695276896
2019-09-20,2.4800000190734863,2.4800000190734863,2.5199999809265137,2.4200000762939453,2.4200000762939453,607400,2.3366666714350384
2019-09-23,2.3299999237060547,2.3299999237060547,2.490000009536743,2.309999942779541,2.4600000381469727,409500,2.3313333352406818
2019-09-24,2.190000057220459,2.190000057220459,2.369999885559082,2.190000057220459,2.299999952316284,569800,2.325333340962728
2019-09-25,2.1500000953674316,2.1500000953674316,2.259999990463257,2.1500000953674316,2.240000009536743,380100,2.318000014623006
2019-09-26,2.0899999141693115,2.0899999141693115,2.1600000858306885,2.049999952316284,2.140000104904175,804600,2.3116666793823244
2019-09-27,2.109999895095825,2.109999895095825,2.119999885559082,2.0399999618530273,2.0799999237060547,769500,2.309000007311503
2019-09-30,2.049999952316284,2.049999952316284,2.130000114440918,2.0399999618530273,2.119999885559082,516400,2.2983333428700763
2019-10-01,1.9700000286102295,1.9700000286102295,2.130000114440918,1.9600000381469727,2.069999933242798,923600,2.2830000082651773
2019-10-02,2.049999952316284,2.049999952316284,2.0999999046325684,1.9199999570846558,1.9800000190734863,585200,2.271333336830139
2019-10-03,2.0799999237060547,2.0799999237060547,2.0899999141693115,2.0,2.059999942779541,296100,2.26200000445048
2019-10-04,2.0999999046325684,2.0999999046325684,2.130000114440918,2.009999990463257,2.049999952316284,415200,2.255333336194356
2019-10-07,2.0999999046325684,2.0999999046325684,2.1500000953674316,2.049999952316284,2.069999933242798,297800,2.2526666641235353
2019-10-08,2.0399999618530273,2.0399999618530273,2.0999999046325684,2.0199999809265137,2.059999942779541,322300,2.247666660944621
2019-10-09,2.059999942779541,2.059999942779541,2.069999933242798,2.009999990463257,2.0399999618530273,282800,2.2449999888737997
2019-10-10,2.1600000858306885,2.1600000858306885,2.180000066757202,2.059999942779541,2.0799999237060547,423000,2.243666656812032
2019-10-11,2.180000066757202,2.180000066757202,2.2799999713897705,2.180000066757202,2.180000066757202,803300,2.242666657765706
2019-10-14,2.130000114440918,2.130000114440918,2.2100000381469727,2.109999895095825,2.180000066757202,286500,2.2416666587193808
2019-10-15,2.240000009536743,2.240000009536743,2.25,2.119999885559082,2.119999885559082,530800,2.2473333279291787
2019-10-16,2.509999990463257,2.509999990463257,2.549999952316284,2.2300000190734863,2.240000009536743,998400,2.261999996503194
2019-10-17,2.359999895095825,2.359999895095825,2.5199999809265137,2.259999990463257,2.509999990463257,849000,2.2689999898274738
2019-10-18,2.25,2.25,2.4000000953674316,2.2300000190734863,2.3399999141693115,522800,2.2729999860127768
2019-10-21,2.319999933242798,2.319999933242798,2.359999895095825,2.240000009536743,2.2699999809265137,422300,2.277333315213521
2019-10-22,2.2699999809265137,2.2699999809265137,2.4100000858306885,2.25,2.3399999141693115,501900,2.272666645050049
2019-10-23,2.319999933242798,2.319999933242798,2.3399999141693115,2.2300000190734863,2.2699999809265137,355300,2.2626666466395062
2019-10-24,2.299999952316284,2.299999952316284,2.369999885559082,2.2699999809265137,2.3399999141693115,274400,2.252333315213521
2019-10-25,2.369999885559082,2.369999885559082,2.4000000953674316,2.299999952316284,2.3499999046325684,516100,2.2449999809265138
2019-10-28,2.319999933242798,2.319999933242798,2.4100000858306885,2.240000009536743,2.369999885559082,628800,2.2326666434605915
2019-10-29,2.200000047683716,2.200000047683716,2.390000104904175,2.190000057220459,2.3299999237060547,591500,2.222333312034607
2019-10-30,2.190000057220459,2.190000057220459,2.2100000381469727,2.130000114440918,2.200000047683716,443900,2.2116666475931805
2019-10-31,2.130000114440918,2.130000114440918,2.190000057220459,2.0899999141693115,2.190000057220459,726700,2.2016666491826373
2019-11-01,2.2799999713897705,2.2799999713897705,2.2899999618530273,2.119999885559082,2.130000114440918,764700,2.1949999809265135
2019-11-04,2.380000114440918,2.380000114440918,2.450000047683716,2.2799999713897705,2.2899999618530273,729900,2.196666653951009
2019-11-05,2.5299999713897705,2.5299999713897705,2.8499999046325684,2.450000047683716,2.819999933242798,3500500,2.2079999844233194
2019-11-06,2.509999990463257,2.509999990463257,2.549999952316284,2.450000047683716,2.549999952316284,935600,2.219999980926514
2019-11-07,2.5799999237060547,2.5799999237060547,2.640000104904175,2.450000047683716,2.509999990463257,990400,2.2363333145777387
2019-11-08,2.5199999809265137,2.5199999809265137,2.609999895095825,2.4600000381469727,2.5399999618530273,700600,2.249999984105428
2019-11-11,2.450000047683716,2.450000047683716,2.5,2.4100000858306885,2.4800000190734863,808700,2.263333320617676
2019-11-12,2.440000057220459,2.440000057220459,2.5399999618530273,2.359999895095825,2.4200000762939453,599200,2.278999988238017
2019-11-13,2.309999942779541,2.309999942779541,2.390000104904175,2.200000047683716,2.390000104904175,1203100,2.287666654586792
2019-11-14,2.200000047683716,2.200000047683716,2.319999933242798,2.190000057220459,2.299999952316284,703400,2.2916666587193806
2019-11-15,2.3499999046325684,2.3499999046325684,2.390000104904175,2.200000047683716,2.25,785600,2.299999992052714
2019-11-18,2.2799999713897705,2.2799999713897705,2.380000114440918,2.25,2.369999885559082,448900,2.305999994277954
2019-11-19,2.369999885559082,2.369999885559082,2.5299999713897705,2.2699999809265137,2.2699999809265137,737600,2.3169999917348227
2019-11-20,2.450000047683716,2.450000047683716,2.5,2.369999885559082,2.369999885559082,874600,2.3299999952316286
2019-11-21,2.5,2.5,2.5199999809265137,2.4000000953674316,2.4800000190734863,961000,2.3413333257039386
2019-11-22,2.5,2.5,2.5299999713897705,2.450000047683716,2.5,495600,2.3519999901453654
2019-11-25,2.609999895095825,2.609999895095825,2.6500000953674316,2.509999990463257,2.509999990463257,1065900,2.3679999828338625
2019-11-26,2.5199999809265137,2.5199999809265137,2.700000047683716,2.509999990463257,2.609999895095825,1800100,2.377333315213521
2019-11-27,2.5899999141693115,2.5899999141693115,2.630000114440918,2.5199999809265137,2.5199999809265137,830000,2.3799999793370565
2019-11-29,2.5199999809265137,2.5199999809265137,2.619999885559082,2.490000009536743,2.5,607900,2.3853333155314127
2019-12-02,2.509999990463257,2.509999990463257,2.569999933242798,2.4100000858306885,2.5199999809265137,782200,2.393999981880188
2019-12-03,2.549999952316284,2.549999952316284,2.5799999237060547,2.430000066757202,2.430000066757202,577700,2.4016666491826375
2019-12-04,2.4700000286102295,2.4700000286102295,2.619999885559082,2.450000047683716,2.5899999141693115,800400,2.4083333174387613
2019-12-05,2.3299999237060547,2.3299999237060547,2.490000009536743,2.309999942779541,2.4600000381469727,984200,2.408666650454203
2019-12-06,2.380000114440918,2.380000114440918,2.4100000858306885,2.2799999713897705,2.309999942779541,1057500,2.4113333225250244
2019-12-09,2.4600000381469727,2.4600000381469727,2.5399999618530273,2.3499999046325684,2.359999895095825,691300,2.4143333276112875
2019-12-10,2.569999933242798,2.569999933242798,2.5799999237060547,2.4200000762939453,2.440000057220459,856600,2.422666660944621
2019-12-11,2.640000104904175,2.640000104904175,2.6500000953674316,2.549999952316284,2.569999933242798,578500,2.437333329518636
2019-12-12,2.7100000381469727,2.7100000381469727,2.740000009536743,2.609999895095825,2.609999895095825,662700,2.4546666622161863
2019-12-13,2.7200000286102295,2.7200000286102295,2.75,2.6500000953674316,2.7100000381469727,561800,2.47433332602183
2019-12-16,2.630000114440918,2.630000114440918,2.799999952316284,2.619999885559082,2.740000009536743,818300,2.4859999974568683
2019-12-17,2.630000114440918,2.630000114440918,2.6600000858306885,2.559999942779541,2.6600000858306885,548900,2.494333330790202
2019-12-18,2.630000114440918,2.630000114440918,2.700000047683716,2.569999933242798,2.630000114440918,635200,2.497666668891907
2019-12-19,3.440000057220459,3.440000057220459,3.4700000286102295,2.809999942779541,2.8499999046325684,6519500,2.5286666711171466
2019-12-20,3.299999952316284,3.299999952316284,3.5799999237060547,3.119999885559082,3.5399999618530273,2641100,2.552666672070821
2019-12-23,3.7200000286102295,3.7200000286102295,3.7699999809265137,3.2200000286102295,3.299999952316284,2087800,2.592666673660278
2019-12-24,3.690000057220459,3.690000057220459,3.8299999237060547,3.5799999237060547,3.7799999713897705,949900,2.6340000073115033
2019-12-26,3.549999952316284,3.549999952316284,3.6600000858306885,3.490000009536743,3.569999933242798,1037300,2.6710000038146973
2019-12-27,3.3399999141693115,3.3399999141693115,3.569999933242798,3.309999942779541,3.5299999713897705,1481000,2.7053333361943563
2019-12-30,3.4000000953674316,3.4000000953674316,3.5399999618530273,3.359999895095825,3.369999885559082,1018500,2.7453333377838134
2019-12-31,3.299999952316284,3.299999952316284,3.440000057220459,3.2899999618530273,3.380000114440918,835700,2.777000006039937
2020-01-02,3.2100000381469727,3.2100000381469727,3.390000104904175,3.059999942779541,3.390000104904175,971100,2.8080000082651773
2020-01-03,2.9800000190734863,2.9800000190734863,3.25,2.950000047683716,3.0999999046325684,1205000,2.828333346048991
2020-01-06,3.140000104904175,3.140000104904175,3.1600000858306885,2.950000047683716,3.0199999809265137,1098200,2.8513333479563396
2020-01-07,3.1500000953674316,3.1500000953674316,3.190000057220459,3.0399999618530273,3.1600000858306885,1123500,2.8730000178019206
2020-01-08,3.140000104904175,3.140000104904175,3.200000047683716,3.069999933242798,3.190000057220459,631500,2.8943333546320598
2020-01-09,3.0999999046325684,3.0999999046325684,3.190000057220459,3.0399999618530273,3.1500000953674316,1026900,2.9106666882832846
2020-01-10,3.109999895095825,3.109999895095825,3.180000066757202,3.0399999618530273,3.180000066757202,715800,2.9303333520889283
2020-01-13,3.309999942779541,3.309999942779541,3.450000047683716,3.069999933242798,3.140000104904175,1881700,2.9543333530426024
2020-01-14,3.2899999618530273,3.2899999618530273,3.440000057220459,3.2899999618530273,3.3399999141693115,1418900,2.9800000190734863
2020-01-15,3.3499999046325684,3.3499999046325684,3.430000066757202,3.2300000190734863,3.299999952316284,987000,3.0080000162124634
2020-01-16,3.4000000953674316,3.4000000953674316,3.430000066757202,3.319999933242798,3.4000000953674316,733800,3.036333354314168
2020-01-17,3.2899999618530273,3.2899999618530273,3.440000057220459,3.2300000190734863,3.440000057220459,738500,3.0636666854222616
2020-01-21,3.559999942779541,3.559999942779541,3.75,3.390000104904175,3.5199999809265137,6385600,3.1046666860580445
2020-01-22,3.440000057220459,3.440000057220459,3.559999942779541,3.3299999237060547,3.549999952316284,2001600,3.140000017484029
2020-01-23,3.8399999141693115,3.8399999141693115,4.099999904632568,3.609999895095825,3.890000104904175,12313600,3.1860000133514403
2020-01-24,4.239999771118164,4.239999771118164,4.699999809265137,4.119999885559082,4.489999771118164,24626700,3.2416666746139526
2020-01-27,5.320000171661377,5.320000171661377,5.949999809265137,5.099999904632568,5.599999904632568,40859100,3.331000010172526
2020-01-28,4.360000133514404,4.360000133514404,5.679999828338623,4.28000020980835,5.670000076293945,23851800,3.3860000133514405
2020-01-29,4.110000133514404,4.110000133514404,4.550000190734863,3.9200000762939453,4.489999771118164,10834300,3.4323333501815796
2020-01-30,4.659999847412109,4.659999847412109,4.880000114440918,4.5,4.860000133514404,20998900,3.500000007947286
2020-01-31,4.53000020980835,4.53000020980835,4.809999942779541,4.300000190734863,4.800000190734863,13975600,3.563333344459534
2020-02-03,3.9100000858306885,3.9100000858306885,4.46999979019165,3.7100000381469727,4.360000133514404,11390000,3.6060000101725262
2020-02-04,3.7100000381469727,3.7100000381469727,3.9000000953674316,3.3299999237060547,3.740000009536743,9551300,3.615000009536743
2020-02-05,3.559999942779541,3.559999942779541,3.7100000381469727,3.4000000953674316,3.5,4183600,3.6236666758855183
2020-02-06,3.369999885559082,3.369999885559082,3.559999942779541,3.25,3.549999952316284,6243500,3.61200000445048
2020-02-07,3.190000057220459,3.190000057220459,3.390000104904175,3.140000104904175,3.359999895095825,4360800,3.5953333377838135
2020-02-10,3.4800000190734863,3.4800000190734863,3.9200000762939453,3.25,3.3299999237060547,15857100,3.5930000066757204
2020-02-11,3.390000104904175,3.390000104904175,3.450000047683716,3.259999990463257,3.4200000762939453,4488600,3.594666679700216
2020-02-12,3.3399999141693115,3.3399999141693115,3.4800000190734863,3.2899999618530273,3.4000000953674316,3797300,3.592666673660278
2020-02-13,3.859999895095825,3.859999895095825,4.050000190734863,3.5999999046325684,3.7200000286102295,29261400,3.6113333384195965
2020-02-14,4.150000095367432,4.150000095367432,4.5,4.070000171661377,4.389999866485596,37226100,3.6426666736602784
2020-02-18,4.21999979019165,4.21999979019165,4.550000190734863,4.159999847412109,4.449999809265137,15211000,3.683999999364217
2020-02-19,3.809999942779541,3.809999942779541,4.289999961853027,3.609999895095825,4.210000038146973,14385400,3.706333327293396
2020-02-20,3.640000104904175,3.640000104904175,3.7899999618530273,3.569999933242798,3.759999990463257,6073200,3.7226666609446206
2020-02-21,3.75,3.75,3.880000114440918,3.569999933242798,3.7300000190734863,7859100,3.7429999907811484
2020-02-24,3.9600000381469727,3.9600000381469727,4.199999809265137,3.8299999237060547,4.099999904632568,15286400,3.771666661898295
2020-02-25,3.740000009536743,3.740000009536743,4.070000171661377,3.5999999046325684,4.019999980926514,9679000,3.7926666657129924
2020-02-26,3.990000009536743,3.990000009536743,4.039999961853027,3.7300000190734863,3.799999952316284,14289700,3.815333334604899
2020-02-27,4.360000133514404,4.360000133514404,5.0,4.099999904632568,4.440000057220459,35244300,3.8510000069936114
2020-02-28,4.28000020980835,4.28000020980835,4.889999866485596,3.930000066757202,4.789999961853027,25742400,3.8820000171661375
2020-03-02,4.389999866485596,4.389999866485596,4.5,3.8299999237060547,4.400000095367432,16180000,3.915000009536743
2020-03-03,7.449999809265137,7.449999809265137,7.480000019073486,4.840000152587891,5.119999885559082,121306800,4.0536666711171465
2020-03-04,8.029999732971191,8.029999732971191,9.399999618530273,7.340000152587891,8.4399995803833,142160200,4.2026666641235355
2020-03-05,9.800000190734863,9.800000190734863,10.100000381469727,7.519999980926514,8.029999732971191,112845000,4.414666668574015
2020-03-06,14.09000015258789,14.09000015258789,16.0,10.680000305175781,10.8100004196167,195142300,4.7563333431879675
2020-03-09,9.829999923706055,9.829999923706055,19.360000610351562,8.529999732971191,18.899999618530273,138364400,4.942666681607564
2020-03-10,5.699999809265137,5.699999809265137,10.880000114440918,5.5,9.399999618530273,75074500,4.955333336194356
2020-03-11,8.369999885559082,8.369999885559082,8.600000381469727,6.340000152587891,6.849999904632568,98432900,5.088999994595846
2020-03-12,9.5,9.5,11.930000305175781,8.520000457763672,10.949999809265137,98065300,5.268666656812032
2020-03-13,7.199999809265137,7.199999809265137,8.630000114440918,6.599999904632568,7.989999771118164,43970700,5.353333322207133
2020-03-16,6.130000114440918,6.130000114440918,6.46999979019165,5.130000114440918,6.059999942779541,30066800,5.406666652361552
2020-03-17,7.340000152587891,7.340000152587891,7.849999904632568,6.5,6.820000171661377,32484900,5.520999987920125
